cap-diameter,cap-shape,gill-attachment,gill-color,stem-height,stem-width,stem-color,season,class
1372,2,2,10,3.807466754,1545,11,1.804272709,1
1461,2,2,10,3.807466754,1557,11,1.804272709,1
1371,2,2,10,3.612496295,1566,11,1.804272709,1
1261,6,2,10,3.78757181,1566,11,1.804272709,1
1305,6,2,10,3.711971019,1464,11,0.943194554,1
1337,6,2,10,3.775634843,1520,11,0.943194554,1
1300,2,2,10,3.835319677,1563,11,1.804272709,1
1354,6,2,10,3.676160118,1532,11,0.888450288,1
1222,6,2,10,3.771655854,1476,11,0.943194554,1
1085,6,2,10,3.775634843,1581,11,0.888450288,1
1214,6,2,10,3.696055063,1524,11,1.804272709,1
642,6,2,10,0.286061509,1311,11,0.943194554,1
814,4,2,10,1.189292007,1681,11,0.943194554,1
550,4,2,10,0.548674782,1220,11,0.888450288,1
606,6,2,10,0.254229598,1239,11,0.943194554,1
721,6,2,10,0.950552669,1445,11,0.943194554,1
595,6,2,10,0.604380628,1415,11,0.888450288,1
661,4,2,10,0.437263091,1150,11,0.888450288,1
587,6,2,10,0.59642265,1531,11,0.943194554,1
835,6,2,10,0.90678379,1603,11,0.888450288,1
705,4,2,10,0.083133072,1122,11,0.888450288,1
599,4,2,10,0.576527705,1306,11,0.888450288,1
619,4,2,10,0.389515223,1195,11,0.943194554,1
648,6,2,10,0.727729286,1370,11,0.888450288,1
778,6,2,10,0.811288054,1514,11,0.943194554,1
692,6,2,10,0.652128495,1307,11,0.943194554,1
804,4,2,10,0.870972889,1517,11,0.888450288,1
660,6,2,10,0.98238458,1626,11,0.943194554,1
547,6,2,10,0.520821859,1191,11,0.888450288,1
846,6,2,10,1.173376051,1613,11,0.888450288,1
826,6,2,10,1.050027393,1593,11,0.888450288,1
834,6,2,10,1.014216492,1591,11,0.888450288,1
664,4,2,10,0.719771308,1140,11,0.943194554,1
763,6,2,10,0.819246032,1614,11,0.888450288,1
718,6,2,10,0.719771308,1291,11,0.888450288,1
594,6,2,10,0.743645242,1333,11,0.888450288,1
641,6,2,10,0.747624231,1577,11,0.888450288,1
840,4,2,10,0.962489636,1465,11,0.943194554,1
728,4,2,10,1.165418073,1577,11,0.943194554,1
539,6,2,10,0.787414121,1394,11,0.888450288,1
605,4,2,10,0.914741768,1561,11,0.943194554,1
613,6,2,10,0.660086473,1352,11,0.888450288,1
675,6,2,10,0.608359617,1499,11,0.943194554,1
510,6,2,10,0.409410168,1172,11,0.943194554,1
618,6,2,10,0.71181333,1510,11,0.943194554,1
638,6,2,10,0.652128495,1635,11,0.888450288,1
585,4,2,10,0.676002429,1332,11,0.943194554,1
837,6,2,10,0.668044451,1323,11,0.888450288,1
688,6,2,10,0.847098955,1421,11,0.888450288,1
805,6,2,10,0.210460719,1330,11,0.943194554,1
762,6,2,10,0.723750297,1484,11,0.888450288,1
640,6,2,10,0.664065462,1250,11,0.888450288,1
699,4,2,10,0.962489636,1506,11,0.943194554,1
674,6,2,10,0.429305113,1667,11,0.943194554,1
662,6,2,10,1.057985371,1755,11,0.943194554,1
736,6,2,10,0.779456143,1404,11,0.943194554,1
563,6,2,10,0.616317595,1419,11,0.943194554,1
756,6,2,10,1.054006382,1392,11,0.943194554,1
705,4,2,10,1.081859305,1534,11,0.888450288,1
802,6,2,10,1.248976842,1578,11,0.888450288,1
591,6,2,10,0.060110532,1166,11,0.943194554,1
708,4,2,10,0.851077944,1533,11,0.888450288,1
717,4,2,10,0.807309065,1499,11,0.888450288,1
573,4,2,10,0.723750297,1375,11,0.888450288,1
622,4,2,10,1.169397062,1482,11,0.943194554,1
516,6,2,10,0.425326124,995,11,0.943194554,1
763,6,2,10,0.679981418,1396,11,0.943194554,1
592,4,2,10,0.990342558,1615,11,0.888450288,1
580,4,2,10,0.329830388,1368,11,0.888450288,1
635,6,2,10,0.429305113,1241,11,0.943194554,1
626,6,2,10,0.369620278,1443,11,0.943194554,1
793,6,2,10,0.795372099,1485,11,0.943194554,1
607,6,2,10,0.449200057,1190,11,0.888450288,1
528,4,2,10,0.266166565,1355,11,0.943194554,1
758,6,2,10,0.660086473,1336,11,0.888450288,1
780,6,2,10,0.353704322,1405,11,0.943194554,1
855,4,2,10,1.046048404,1575,11,0.888450288,1
752,4,2,10,0.731708275,1273,11,0.888450288,1
700,6,2,10,0.954531658,1414,11,0.888450288,1
582,4,2,10,0.803330076,1288,11,0.943194554,1
693,4,2,10,0.863014911,1245,11,0.943194554,1
657,4,2,10,0.63223355,1477,11,0.943194554,1
645,4,2,10,0.51684287,1301,11,0.888450288,1
677,4,2,10,0.735687264,1477,11,0.943194554,1
722,6,2,10,0.67202344,1331,11,0.943194554,1
738,6,2,10,0.699876363,1549,11,0.888450288,1
566,6,2,10,0.544695793,1353,11,0.943194554,1
736,4,2,10,0.652128495,1417,11,0.888450288,1
614,6,2,10,0.843119966,1468,11,0.888450288,1
614,6,2,10,0.962489636,1156,11,0.888450288,1
821,4,2,10,1.077880316,1632,11,0.888450288,1
745,6,2,10,0.958510647,1749,11,0.888450288,1
624,6,2,10,0.492968936,1372,11,0.888450288,1
713,6,2,10,1.085838294,1523,11,0.943194554,1
677,4,2,10,0.894846823,1534,11,0.888450288,1
692,6,2,10,0.421347135,1413,11,0.888450288,1
731,6,2,10,0.481031969,1319,11,0.943194554,1
639,4,2,10,0.616317595,1509,11,0.943194554,1
725,4,2,10,1.368346511,1747,11,0.943194554,1
869,4,2,10,1.181334029,1828,11,0.888450288,1
749,4,2,10,1.225102908,1537,11,0.943194554,1
592,6,2,10,0.485010958,1273,11,0.888450288,1
680,6,2,10,0.94657368,1489,11,0.943194554,1
783,4,2,10,0.743645242,1336,11,0.943194554,1
673,6,2,10,0.548674782,1544,11,0.888450288,1
505,4,2,10,0.047322171,1046,11,0.943194554,1
655,4,2,10,0.421347135,1156,11,0.888450288,1
595,6,2,10,0.44124208,1413,11,0.943194554,1
809,4,2,10,0.469095002,1220,11,0.888450288,1
773,4,2,10,0.807309065,1373,11,0.888450288,1
796,4,2,10,0.870972889,1531,11,0.888450288,1
698,6,2,10,0.831182999,1436,11,0.943194554,1
714,4,2,10,0.676002429,1211,11,0.943194554,1
707,4,2,10,0.98238458,1768,11,0.943194554,1
765,4,2,10,0.759561198,1314,11,0.888450288,1
642,6,2,10,0.457158035,1364,11,0.943194554,1
646,6,2,10,0.795372099,1557,11,0.888450288,1
755,6,2,10,0.564590738,1534,11,0.943194554,1
803,4,2,10,1.030132448,1582,11,0.888450288,1
702,4,2,10,1.169397062,1501,11,0.943194554,1
727,4,2,10,1.121649195,1659,11,0.888450288,1
584,4,2,10,0.55663276,1316,11,0.888450288,1
679,6,2,10,0.954531658,1430,11,0.888450288,1
775,4,2,10,0.930657724,1578,11,0.943194554,1
814,4,2,10,0.544695793,1552,11,0.943194554,1
698,4,2,10,0.874951878,1570,11,0.888450288,1
741,6,2,10,0.492968936,1287,11,0.888450288,1
944,6,2,10,1.563316971,1965,11,0.888450288,1
816,4,2,10,0.910762779,1519,11,0.888450288,1
672,6,2,10,0.492968936,1470,11,0.888450288,1
663,6,2,10,0.668044451,1404,11,0.888450288,1
612,6,2,10,0.668044451,1322,11,0.943194554,1
725,6,2,10,0.592443661,1437,11,0.888450288,1
676,6,2,10,0.779456143,1358,11,0.943194554,1
738,4,2,10,1.065943349,1535,11,0.888450288,1
708,6,2,10,0.648149506,1560,11,0.943194554,1
748,4,2,10,0.644170517,1390,11,0.888450288,1
748,6,2,10,0.564590738,1408,11,0.943194554,1
825,6,2,10,0.978405591,1630,11,0.888450288,1
664,4,2,10,0.616317595,1238,11,0.888450288,1
790,6,2,10,1.046048404,1795,11,0.888450288,1
570,6,2,10,0.512863881,1309,11,0.943194554,1
561,4,2,10,0.329830388,1137,11,0.943194554,1
724,4,2,10,0.990342558,1502,11,0.888450288,1
647,6,2,10,1.201228974,1758,11,0.943194554,1
722,6,2,10,0.453179046,1379,11,0.943194554,1
634,4,2,10,0.520821859,1312,11,0.888450288,1
638,6,2,10,1.077880316,1569,11,0.888450288,1
593,6,2,10,0.902804801,1415,11,0.943194554,1
648,6,2,10,0.385536234,1306,11,0.943194554,1
726,6,2,10,0.520821859,1269,11,0.888450288,1
798,6,2,10,0.974426603,1687,11,0.943194554,1
680,4,2,10,1.026153459,1603,11,0.888450288,1
725,6,2,10,0.819246032,1576,11,0.888450288,1
738,4,2,10,0.644170517,1269,11,0.943194554,1
730,4,2,10,1.050027393,1618,11,0.943194554,1
849,4,2,10,1.428031346,1951,11,0.943194554,1
589,6,2,10,0.63223355,1529,11,0.943194554,1
540,6,2,10,0.317893421,1109,11,0.888450288,1
709,6,2,10,0.481031969,1400,11,0.888450288,1
651,6,2,10,0.922699746,1770,11,0.943194554,1
755,6,2,10,0.767519176,1473,11,0.888450288,1
831,4,2,10,0.707834341,1687,11,0.888450288,1
697,6,2,10,0.8669939,1547,11,0.943194554,1
626,4,2,10,0.500926914,1349,11,0.888450288,1
668,4,2,10,0.40145219,1259,11,0.943194554,1
788,4,2,10,0.568569727,1553,11,0.943194554,1
679,6,2,10,0.994321547,1503,11,0.888450288,1
825,6,2,10,0.998300536,1649,11,0.943194554,1
721,6,2,10,0.874951878,1570,11,0.943194554,1
769,4,2,10,0.51684287,1429,11,0.943194554,1
697,4,2,10,0.660086473,1578,11,0.888450288,1
756,6,2,10,0.763540187,1531,11,0.888450288,1
726,4,2,10,0.409410168,1103,11,0.943194554,1
749,4,2,10,0.807309065,1608,11,0.888450288,1
808,6,2,10,0.994321547,1527,11,0.888450288,1
737,6,2,10,0.719771308,1377,11,0.943194554,1
673,4,2,10,0.51684287,1524,11,0.888450288,1
646,6,2,10,0.779456143,1410,11,0.888450288,1
724,4,2,10,1.233060886,1755,11,0.943194554,1
694,6,2,10,0.59642265,1328,11,0.943194554,1
760,4,2,10,0.994321547,1559,11,0.888450288,1
581,6,2,10,0.584485683,1231,11,0.888450288,1
672,4,2,10,0.707834341,1421,11,0.943194554,1
707,4,2,10,0.755582209,1395,11,0.943194554,1
711,4,2,10,0.636212539,1561,11,0.888450288,1
798,4,2,10,0.795372099,1694,11,0.943194554,1
598,6,2,10,0.270145554,1250,11,0.888450288,1
752,4,2,10,0.473073991,1290,11,0.943194554,1
809,4,2,10,1.324577633,1669,11,0.888450288,1
560,6,2,10,0.457158035,1443,11,0.943194554,1
839,4,2,10,0.779456143,1612,11,0.888450288,1
584,4,2,10,0.083133072,1298,11,0.943194554,1
870,4,2,10,0.795372099,1418,11,0.888450288,1
614,6,2,10,0.365641289,1489,11,0.888450288,1
693,4,2,10,1.02217447,1743,11,0.943194554,1
716,6,2,10,0.707834341,1458,11,0.943194554,1
861,6,2,10,0.775477154,1655,11,0.888450288,1
686,6,2,10,0.234334653,1241,11,0.943194554,1
774,4,2,10,0.500926914,1312,11,0.888450288,1
741,6,2,10,0.859035922,1591,11,0.943194554,1
758,6,2,10,1.042069415,1624,11,0.943194554,1
793,6,2,10,1.181334029,1661,11,0.888450288,1
599,4,2,10,0.779456143,1489,11,0.888450288,1
688,4,2,10,0.377578256,1138,11,0.888450288,1
752,4,2,10,0.819246032,1442,11,0.943194554,1
668,6,2,10,1.10175425,1843,11,0.888450288,1
657,6,2,10,0.214439708,1078,11,0.888450288,1
815,6,2,10,0.488989947,1432,11,0.888450288,1
777,6,2,10,0.874951878,1447,11,0.888450288,1
604,6,2,10,0.381557245,1219,11,0.888450288,1
643,4,2,10,0.540716804,1317,11,0.888450288,1
732,4,2,10,1.157460095,1496,11,0.943194554,1
725,4,2,10,0.425326124,1399,11,0.943194554,1
569,4,2,10,0.305956454,1461,11,0.943194554,1
781,4,2,10,0.540716804,1376,11,0.888450288,1
843,6,2,10,0.990342558,1546,11,0.888450288,1
632,6,2,10,0.90678379,1271,11,0.888450288,1
741,6,2,10,0.580506694,1392,11,0.943194554,1
676,6,2,10,0.254229598,1472,11,0.888450288,1
747,4,2,10,0.488989947,1446,11,0.943194554,1
759,6,2,10,0.998300536,1473,11,0.888450288,1
733,4,2,10,0.656107484,1442,11,0.943194554,1
766,6,2,10,0.381557245,1387,11,0.888450288,1
839,4,2,10,1.006258514,1685,11,0.888450288,1
679,4,2,10,0.863014911,1524,11,0.888450288,1
816,4,2,10,0.910762779,1508,11,0.888450288,1
724,6,2,10,0.759561198,1634,11,0.888450288,1
769,4,2,10,0.998300536,1455,11,0.888450288,1
561,6,2,10,0.739666253,1564,11,0.943194554,1
523,6,2,10,0.278103531,1477,11,0.943194554,1
775,4,2,10,0.803330076,1491,11,0.943194554,1
817,6,2,10,0.902804801,1646,11,0.943194554,1
618,6,2,10,0.755582209,1352,11,0.943194554,1
727,4,2,10,0.894846823,1616,11,0.943194554,1
579,6,2,10,0.703855352,1319,11,0.943194554,1
734,6,2,10,0.297998476,1397,11,0.943194554,1
776,4,2,10,1.129607173,1711,11,0.943194554,1
663,4,2,10,0.640191528,1452,11,0.943194554,1
799,4,2,10,1.344472577,1767,11,0.943194554,1
684,6,2,10,0.44124208,1382,11,0.888450288,1
865,4,2,10,0.974426603,1826,11,0.888450288,1
709,4,2,10,0.715792319,1298,11,0.943194554,1
783,6,2,10,0.699876363,1508,11,0.888450288,1
692,6,2,10,0.763540187,1490,11,0.943194554,1
778,6,2,10,0.385536234,1167,11,0.943194554,1
800,6,2,10,0.668044451,1392,11,0.943194554,1
786,4,2,10,0.51684287,1261,11,0.943194554,1
658,4,2,10,0.218418697,1014,11,0.888450288,1
804,6,2,10,0.994321547,1588,11,0.943194554,1
619,6,2,10,0.381557245,1363,11,0.943194554,1
842,4,2,10,1.244997853,1657,11,0.943194554,1
613,4,2,10,0.417368146,1294,11,0.888450288,1
635,6,2,10,0.520821859,1377,11,0.888450288,1
714,4,2,10,0.640191528,1318,11,0.943194554,1
697,4,2,10,0.496947925,1351,11,0.943194554,1
818,6,2,10,0.683960407,1543,11,0.943194554,1
760,6,2,10,1.026153459,1548,11,0.943194554,1
686,4,2,10,0.437263091,1344,11,0.888450288,1
885,4,2,10,1.129607173,1580,11,0.943194554,1
774,6,2,10,1.042069415,1552,11,0.943194554,1
729,6,2,10,0.71181333,1599,11,0.888450288,1
710,6,2,10,0.564590738,1396,11,0.943194554,1
782,6,2,10,0.990342558,1574,11,0.943194554,1
536,4,2,10,0.409410168,1315,11,0.943194554,1
658,4,2,10,0.71181333,1201,11,0.888450288,1
643,6,2,10,0.536737815,1330,11,0.888450288,1
674,6,2,10,0.763540187,1233,11,0.943194554,1
756,4,2,10,0.453179046,1311,11,0.943194554,1
720,4,2,10,0.98238458,1678,11,0.888450288,1
583,6,2,10,0.620296584,1130,11,0.943194554,1
697,4,2,10,0.687939396,1341,11,0.943194554,1
599,4,2,10,0.51684287,939,11,0.943194554,1
791,4,2,10,0.592443661,1469,11,0.888450288,1
708,6,2,10,0.727729286,1546,11,0.888450288,1
719,6,2,10,0.855056933,1294,11,0.943194554,1
691,4,2,10,0.843119966,1582,11,0.888450288,1
587,4,2,10,0.214439708,1022,11,0.888450288,1
732,4,2,10,1.077880316,1745,11,0.943194554,1
473,6,2,10,0.473073991,1138,11,0.943194554,1
654,6,2,10,0.679981418,1417,11,0.943194554,1
730,6,2,10,0.469095002,1292,11,0.888450288,1
720,6,2,10,0.656107484,1343,11,0.943194554,1
642,4,2,10,0.811288054,1447,11,0.943194554,1
799,4,2,10,1.161439084,1566,11,0.943194554,1
736,6,2,10,0.644170517,1204,11,0.888450288,1
723,6,2,10,0.958510647,1426,11,0.888450288,1
812,6,2,10,0.584485683,1554,11,0.943194554,1
680,4,2,10,0.775477154,1441,11,0.888450288,1
789,4,2,10,1.057985371,1579,11,0.943194554,1
661,6,2,10,0.783435132,1361,11,0.888450288,1
549,6,2,10,0.707834341,1484,11,0.943194554,1
844,6,2,10,0.990342558,1428,11,0.943194554,1
717,6,2,10,0.238313642,1043,11,0.943194554,1
763,4,2,10,0.930657724,1450,11,0.943194554,1
760,4,2,10,1.02217447,1548,11,0.943194554,1
598,4,2,10,0.664065462,1569,11,0.888450288,1
654,6,2,10,0.138838917,1307,11,0.888450288,1
621,4,2,10,0.488989947,1492,11,0.888450288,1
692,4,2,10,0.512863881,1364,11,0.888450288,1
601,4,2,10,0.628254561,1417,11,0.888450288,1
623,6,2,10,0.397473201,1434,11,0.943194554,1
570,4,2,10,0.397473201,1249,11,0.943194554,1
835,4,2,10,1.018195481,1758,11,0.888450288,1
735,4,2,10,1.097775261,1537,11,0.888450288,1
706,6,2,10,0.926678735,1658,11,0.888450288,1
595,4,2,10,0.878930867,1506,11,0.943194554,1
719,6,2,10,0.588464672,1417,11,0.943194554,1
624,6,2,10,0.811288054,1352,11,0.888450288,1
819,6,2,10,0.775477154,1528,11,0.888450288,1
629,4,2,10,0.707834341,1573,11,0.888450288,1
578,4,2,10,0.210460719,1275,11,0.943194554,1
593,6,2,10,0.687939396,1136,11,0.943194554,1
791,6,2,10,0.783435132,1353,11,0.943194554,1
754,4,2,10,0.958510647,1491,11,0.943194554,1
783,6,2,10,1.443947302,1826,11,0.888450288,1
753,6,2,10,0.71181333,1397,11,0.888450288,1
569,6,2,10,0.413389157,1298,11,0.943194554,1
657,6,2,10,0.839140977,1486,11,0.888450288,1
721,4,2,10,0.365641289,1387,11,0.943194554,1
646,6,2,10,0.393494212,1113,11,0.888450288,1
818,6,2,10,0.8669939,1559,11,0.943194554,1
751,6,2,10,0.986363569,1450,11,0.943194554,1
730,6,2,10,0.79139311,1573,11,0.888450288,1
869,6,2,10,1.300703699,1678,11,0.943194554,1
576,4,2,10,0.465116013,1427,11,0.888450288,1
740,4,2,10,1.006258514,1602,11,0.888450288,1
707,6,2,10,0.767519176,1546,11,0.943194554,1
784,4,2,10,0.874951878,1558,11,0.943194554,1
688,4,2,10,0.990342558,1496,11,0.943194554,1
698,4,2,10,0.488989947,1159,11,0.888450288,1
781,6,2,10,0.723750297,1329,11,0.888450288,1
801,6,2,10,0.787414121,1410,11,0.888450288,1
788,6,2,10,0.723750297,1342,11,0.943194554,1
662,4,2,10,0.397473201,1271,11,0.943194554,1
796,4,2,10,0.731708275,1527,11,0.888450288,1
615,4,2,10,0.811288054,1317,11,0.888450288,1
748,6,2,10,0.536737815,1474,11,0.888450288,1
740,4,2,10,0.333809377,1172,11,0.943194554,1
587,4,2,10,0.51684287,1263,11,0.943194554,1
706,6,2,10,0.747624231,1406,11,0.888450288,1
652,4,2,10,0.735687264,1541,11,0.888450288,1
665,4,2,10,0.63223355,1553,11,0.888450288,1
798,6,2,10,1.276829765,1825,11,0.888450288,1
570,6,2,10,0.560611749,1294,11,0.943194554,1
953,4,2,10,1.340493588,1755,11,0.943194554,1
703,4,2,10,1.006258514,1623,11,0.888450288,1
748,4,2,10,1.014216492,1561,11,0.943194554,1
515,6,2,10,0.341767355,1321,11,0.888450288,1
666,4,2,10,0.695897374,1193,11,0.888450288,1
821,4,2,10,0.628254561,1388,11,0.888450288,1
763,4,2,10,0.727729286,1353,11,0.888450288,1
731,4,2,10,0.783435132,1417,11,0.943194554,1
596,4,2,10,0.278103531,1125,11,0.888450288,1
801,6,2,10,1.069922338,1738,11,0.888450288,1
694,4,2,10,0.664065462,1675,11,0.888450288,1
702,4,2,10,0.55663276,1339,11,0.943194554,1
717,4,2,10,1.125628184,1746,11,0.888450288,1
878,6,2,10,0.930657724,1596,11,0.888450288,1
767,6,2,10,0.970447614,1661,11,0.943194554,1
745,4,2,10,0.532758826,1564,11,0.943194554,1
791,6,2,10,1.463842247,1878,11,0.888450288,1
619,4,2,10,0.461137024,1296,11,0.888450288,1
712,6,2,10,0.12690195,1063,11,0.888450288,1
1137,2,2,10,2.076606549,1574,11,0.943194554,1
1151,2,2,10,1.905510023,1363,11,0.943194554,1
1002,6,2,10,1.849804178,1497,11,0.943194554,1
1149,6,2,10,1.774203387,1209,11,0.888450288,1
1270,2,2,10,2.044774637,1572,11,0.943194554,1
1154,6,2,10,2.004984748,1374,11,0.943194554,1
1099,6,2,10,1.869699122,1368,11,0.888450288,1
1139,6,2,10,1.865720133,1400,11,0.888450288,1
1181,2,2,10,2.044774637,1613,11,0.943194554,1
1289,2,2,10,2.088543516,1633,11,0.888450288,1
1197,6,2,10,1.873678111,1409,11,0.943194554,1
1203,6,2,10,2.056711604,1467,11,0.888450288,1
1223,6,2,10,1.989068792,1589,11,0.888450288,1
1347,6,2,10,1.969173847,1636,11,0.943194554,1
1192,6,2,10,1.993047781,1634,11,0.888450288,1
1276,2,2,10,2.07262756,1735,11,0.888450288,1
1072,2,2,10,1.91744699,1380,11,0.888450288,1
1126,6,2,10,1.698602596,1070,11,0.888450288,1
1224,6,2,10,1.925404968,1479,11,0.943194554,1
1286,2,2,10,2.012942726,1403,11,0.888450288,1
1133,2,2,10,1.881636089,1549,11,0.943194554,1
1229,6,2,10,1.989068792,1474,11,0.943194554,1
1115,2,2,10,1.901531034,1197,11,0.888450288,1
1182,6,2,10,2.004984748,1300,11,0.888450288,1
1104,6,2,10,1.897552045,1334,11,0.943194554,1
1286,2,2,10,1.977131825,1422,11,0.943194554,1
1187,6,2,10,1.909489012,1345,11,0.888450288,1
1078,6,2,10,1.686665629,1318,11,0.943194554,1
1257,2,2,10,1.973152836,1302,11,0.888450288,1
1188,6,2,10,2.040795648,1605,11,0.888450288,1
1276,6,2,10,1.909489012,1583,11,0.943194554,1
1203,2,2,10,1.941320924,1650,11,0.943194554,1
1217,6,2,10,1.937341935,1363,11,0.943194554,1
1214,2,2,10,2.048753626,1620,11,0.888450288,1
1187,2,2,10,1.965194858,1451,11,0.943194554,1
1234,2,2,10,1.710539563,1397,11,0.888450288,1
1310,2,2,10,1.845825189,1509,11,0.888450288,1
1205,6,2,10,1.949278902,1156,11,0.888450288,1
1171,2,2,10,1.937341935,1448,11,0.943194554,1
1312,2,2,10,2.088543516,1523,11,0.888450288,1
1198,6,2,10,1.977131825,1506,11,0.943194554,1
1199,2,2,10,1.865720133,1378,11,0.943194554,1
1094,6,2,10,2.048753626,1257,11,0.943194554,1
1345,2,2,10,2.096501494,1782,11,0.943194554,1
1230,6,2,10,1.658812707,1038,11,0.888450288,1
1260,6,2,10,1.873678111,1455,11,0.888450288,1
1168,6,2,10,1.798077321,1387,11,0.888450288,1
1064,2,2,10,1.634938773,1158,11,0.888450288,1
1157,6,2,10,2.001005759,1267,11,0.943194554,1
1031,6,2,10,1.937341935,1228,11,0.943194554,1
1169,6,2,10,1.953257891,1312,11,0.888450288,1
1211,6,2,10,1.817972266,1445,11,0.888450288,1
1178,2,2,10,2.03681666,1220,11,0.888450288,1
1187,2,2,10,1.790119343,1204,11,0.943194554,1
1227,2,2,10,2.148228351,1701,11,0.888450288,1
1116,2,2,10,1.901531034,1408,11,0.888450288,1
1268,6,2,10,1.881636089,1590,11,0.943194554,1
1251,2,2,10,1.889594067,1483,11,0.943194554,1
1148,2,2,10,1.869699122,1555,11,0.888450288,1
1096,2,2,10,1.869699122,1281,11,0.943194554,1
1061,6,2,10,1.583211916,1425,11,0.943194554,1
1043,6,2,10,1.837867211,1181,11,0.943194554,1
1074,6,2,10,1.60708585,1136,11,0.943194554,1
1193,2,2,10,1.897552045,1441,11,0.943194554,1
1183,6,2,10,1.937341935,1672,11,0.943194554,1
1251,6,2,10,2.108438461,1682,11,0.943194554,1
1277,6,2,10,2.136291384,1547,11,0.888450288,1
1301,2,2,10,1.889594067,1654,11,0.943194554,1
1272,2,2,10,1.937341935,1505,11,0.943194554,1
1196,2,2,10,2.028858682,1604,11,0.943194554,1
1165,6,2,10,1.72247653,1431,11,0.888450288,1
985,2,2,10,1.833888222,1336,11,0.943194554,1
1172,2,2,10,1.989068792,1491,11,0.943194554,1
1227,2,2,10,1.873678111,1575,11,0.888450288,1
1306,6,2,10,2.040795648,1514,11,0.943194554,1
1084,6,2,10,1.806035299,1313,11,0.888450288,1
1195,2,2,10,1.981110814,1499,11,0.943194554,1
1410,6,2,10,2.052732615,1581,11,0.888450288,1
1196,6,2,10,1.925404968,1204,11,0.943194554,1
1177,6,2,10,1.845825189,1435,11,0.943194554,1
1269,6,2,10,1.766245409,1359,11,0.943194554,1
1180,6,2,10,1.8418462,1453,11,0.943194554,1
1209,6,2,10,2.001005759,1331,11,0.943194554,1
1185,2,2,10,1.969173847,1370,11,0.943194554,1
1142,6,2,10,2.052732615,1587,11,0.888450288,1
1316,6,2,10,1.91744699,1682,11,0.943194554,1
1069,6,2,10,1.742371475,1075,11,0.943194554,1
1178,2,2,10,2.164144307,1449,11,0.943194554,1
1279,2,2,10,2.012942726,1573,11,0.888450288,1
1281,2,2,10,1.99702677,1704,11,0.943194554,1
1146,2,2,10,1.881636089,1462,11,0.888450288,1
1320,6,2,10,2.076606549,1586,11,0.888450288,1
1180,2,2,10,1.782161365,1303,11,0.888450288,1
1197,6,2,10,1.790119343,1215,11,0.888450288,1
1161,6,2,10,1.893573056,1333,11,0.888450288,1
1216,6,2,10,1.925404968,1395,11,0.888450288,1
1225,6,2,10,2.028858682,1365,11,0.888450288,1
1305,2,2,10,1.837867211,1397,11,0.943194554,1
1135,6,2,10,1.861741144,1225,11,0.943194554,1
1223,2,2,10,1.734413497,1246,11,0.888450288,1
1357,2,2,10,2.004984748,1787,11,0.943194554,1
1090,6,2,10,1.758287431,1237,11,0.888450288,1
1163,2,2,10,1.977131825,1554,11,0.888450288,1
1316,6,2,10,2.068648571,1502,11,0.943194554,1
1141,6,2,10,2.001005759,1583,11,0.888450288,1
1193,2,2,10,1.774203387,1341,11,0.943194554,1
1260,2,2,10,1.99702677,1537,11,0.888450288,1
1162,2,2,10,1.897552045,1624,11,0.943194554,1
1363,6,2,10,2.11241745,1718,11,0.888450288,1
1204,6,2,10,2.008963737,1649,11,0.943194554,1
1294,2,2,10,1.945299913,1295,11,0.888450288,1
1190,2,2,10,1.770224398,1313,11,0.888450288,1
1199,2,2,10,2.080585538,1489,11,0.888450288,1
1250,2,2,10,2.243724086,1679,11,0.943194554,1
1145,6,2,10,1.937341935,1598,11,0.943194554,1
1325,2,2,10,2.004984748,1625,11,0.888450288,1
1347,6,2,10,2.124354417,1881,11,0.943194554,1
1290,6,2,10,1.945299913,1520,11,0.943194554,1
1067,2,2,10,2.016921715,1592,11,0.888450288,1
1272,6,2,10,2.012942726,1541,11,0.943194554,1
1076,2,2,10,1.893573056,1288,11,0.888450288,1
1333,6,2,10,2.004984748,1644,11,0.888450288,1
1150,6,2,10,1.718497541,1169,11,0.943194554,1
1179,2,2,10,1.973152836,1440,11,0.888450288,1
1157,2,2,10,1.678707652,1192,11,0.888450288,1
1194,2,2,10,1.925404968,1398,11,0.943194554,1
1280,2,2,10,2.012942726,1291,11,0.943194554,1
1090,2,2,10,1.72247653,1005,11,0.888450288,1
1128,2,2,10,1.730434508,1243,11,0.888450288,1
1244,2,2,10,2.060690593,1522,11,0.943194554,1
1122,2,2,10,1.8418462,1200,11,0.943194554,1
1327,2,2,10,2.136291384,1731,11,0.888450288,1
1365,6,2,10,2.164144307,1670,11,0.888450288,1
1259,6,2,10,1.985089803,1401,11,0.943194554,1
1143,6,2,10,1.889594067,1446,11,0.943194554,1
1159,2,2,10,2.020900704,1661,11,0.888450288,1
1188,2,2,10,2.040795648,1616,11,0.888450288,1
1242,2,2,10,1.881636089,1175,11,0.943194554,1
1216,2,2,10,1.949278902,1503,11,0.888450288,1
1027,2,2,10,1.813993277,1322,11,0.888450288,1
1216,6,2,10,1.993047781,1565,11,0.943194554,1
1176,2,2,10,1.817972266,1505,11,0.888450288,1
1145,6,2,10,1.885615078,1428,11,0.943194554,1
1255,6,2,10,1.857762156,1350,11,0.943194554,1
1247,6,2,10,2.008963737,1389,11,0.888450288,1
1065,6,2,10,1.861741144,1238,11,0.888450288,1
1253,6,2,10,2.351156789,1365,11,0.888450288,1
1081,2,2,10,1.72247653,1109,11,0.943194554,1
1290,6,2,10,1.794098332,1360,11,0.943194554,1
1014,6,2,10,1.806035299,939,11,0.888450288,1
1250,2,2,10,1.893573056,1369,11,0.888450288,1
1238,2,2,10,2.144249362,1509,11,0.943194554,1
1224,2,2,10,1.909489012,1623,11,0.888450288,1
1207,2,2,10,1.949278902,1441,11,0.888450288,1
1183,2,2,10,1.8418462,1277,11,0.888450288,1
1211,6,2,10,1.973152836,1392,11,0.943194554,1
1287,6,2,10,1.905510023,1560,11,0.943194554,1
1323,2,2,10,2.032837671,1599,11,0.943194554,1
1328,6,2,10,2.11241745,1701,11,0.943194554,1
1182,6,2,10,1.825930244,1493,11,0.943194554,1
1155,2,2,10,1.829909233,1325,11,0.943194554,1
1146,6,2,10,1.969173847,1467,11,0.888450288,1
1346,6,2,10,1.945299913,1338,11,0.888450288,1
1212,6,2,10,1.861741144,1385,11,0.943194554,1
1119,6,2,10,1.949278902,1468,11,0.943194554,1
1258,2,2,10,1.654833718,1127,11,0.943194554,1
1055,6,2,10,1.965194858,1402,11,0.888450288,1
1092,2,2,10,1.873678111,1419,11,0.943194554,1
1221,6,2,10,1.829909233,1310,11,0.943194554,1
1044,2,2,10,1.730434508,1222,11,0.943194554,1
1193,2,2,10,1.893573056,1513,11,0.943194554,1
1187,2,2,10,2.084564527,1474,11,0.888450288,1
1158,6,2,10,1.817972266,1090,11,0.943194554,1
1234,6,2,10,1.921425979,1479,11,0.943194554,1
1143,6,2,10,1.76226642,1182,11,0.888450288,1
1312,2,2,10,1.829909233,1455,11,0.943194554,1
1106,6,2,10,1.869699122,1304,11,0.888450288,1
1140,2,2,10,2.016921715,1466,11,0.943194554,1
1123,2,2,10,1.821951255,1189,11,0.888450288,1
1160,6,2,10,1.873678111,1441,11,0.888450288,1
1238,2,2,10,1.817972266,1422,11,0.888450288,1
1231,6,2,10,1.782161365,1173,11,0.943194554,1
1302,2,2,10,2.020900704,1363,11,0.943194554,1
1179,6,2,10,1.981110814,1478,11,0.943194554,1
1195,2,2,10,1.734413497,1153,11,0.943194554,1
1292,6,2,10,2.001005759,1487,11,0.888450288,1
1205,2,2,10,1.91744699,1461,11,0.888450288,1
1243,2,2,10,1.949278902,1421,11,0.943194554,1
1035,2,2,10,1.730434508,1181,11,0.943194554,1
1272,2,2,10,2.032837671,1646,11,0.888450288,1
1331,6,2,10,2.028858682,1422,11,0.943194554,1
1184,2,2,10,2.012942726,1544,11,0.888450288,1
1180,2,2,10,2.044774637,1464,11,0.943194554,1
1296,6,2,10,2.03681666,1532,11,0.943194554,1
1253,6,2,10,1.881636089,1618,11,0.888450288,1
1147,2,2,10,1.678707652,1176,11,0.943194554,1
1281,6,2,10,1.861741144,1601,11,0.943194554,1
1305,2,2,10,2.128333406,1631,11,0.888450288,1
1209,6,2,10,1.981110814,1637,11,0.888450288,1
1254,2,2,10,2.032837671,1315,11,0.943194554,1
1310,2,2,10,1.961215869,1472,11,0.888450288,1
1207,2,2,10,2.056711604,1436,11,0.943194554,1
1152,2,2,10,1.873678111,1484,11,0.888450288,1
1079,2,2,10,1.563316971,1066,11,0.943194554,1
1310,6,2,10,1.897552045,1387,11,0.943194554,1
1062,6,2,10,1.670749674,1142,11,0.888450288,1
1120,2,2,10,1.893573056,1390,11,0.888450288,1
1226,2,2,10,1.945299913,1454,11,0.888450288,1
1295,2,2,10,1.99702677,1644,11,0.943194554,1
1309,6,2,10,1.913468001,1595,11,0.943194554,1
1157,6,2,10,1.786140354,1343,11,0.888450288,1
1144,6,2,10,1.794098332,1159,11,0.943194554,1
1310,2,2,10,2.004984748,1455,11,0.888450288,1
1310,6,2,10,2.148228351,1577,11,0.888450288,1
1134,6,2,10,1.730434508,1380,11,0.888450288,1
1143,6,2,10,1.734413497,1210,11,0.943194554,1
1290,6,2,10,1.941320924,1403,11,0.888450288,1
1208,6,2,10,1.718497541,1431,11,0.943194554,1
998,6,2,10,1.770224398,1198,11,0.888450288,1
1153,6,2,10,2.032837671,1598,11,0.943194554,1
1271,6,2,10,1.969173847,1551,11,0.888450288,1
1219,2,2,10,1.993047781,1543,11,0.943194554,1
1034,2,2,10,1.750329453,1161,11,0.888450288,1
1265,6,2,10,2.064669582,1374,11,0.888450288,1
1055,2,2,10,1.937341935,1512,11,0.888450288,1
1275,6,2,10,1.865720133,1303,11,0.943194554,1
1227,6,2,10,1.821951255,1368,11,0.943194554,1
1186,6,2,10,1.746350464,1233,11,0.943194554,1
1281,2,2,10,2.092522505,1676,11,0.943194554,1
1269,2,2,10,2.132312395,1481,11,0.888450288,1
1151,6,2,10,1.734413497,1354,11,0.888450288,1
1195,2,2,10,1.873678111,1274,11,0.943194554,1
1093,2,2,10,1.853783167,1441,11,0.943194554,1
1089,2,2,10,2.056711604,1381,11,0.888450288,1
1334,6,2,10,2.188018241,1530,11,0.943194554,1
1241,2,2,10,1.829909233,1373,11,0.943194554,1
1145,6,2,10,1.869699122,1537,11,0.888450288,1
1253,2,2,10,1.925404968,1380,11,0.888450288,1
1223,2,2,10,2.108438461,1632,11,0.943194554,1
1146,6,2,10,1.690644618,1179,11,0.943194554,1
1138,2,2,10,1.845825189,1381,11,0.943194554,1
1164,2,2,10,1.821951255,1351,11,0.943194554,1
1154,6,2,10,2.136291384,1444,11,0.943194554,1
1176,6,2,10,2.012942726,1626,11,0.888450288,1
1169,2,2,10,2.080585538,1517,11,0.888450288,1
1155,2,2,10,1.885615078,1442,11,0.888450288,1
1225,2,2,10,1.817972266,1339,11,0.943194554,1
1167,2,2,10,1.76226642,1199,11,0.888450288,1
1175,2,2,10,2.004984748,1385,11,0.943194554,1
1274,6,2,10,1.901531034,1427,11,0.943194554,1
1307,6,2,10,1.853783167,1634,11,0.943194554,1
1222,2,2,10,2.084564527,1498,11,0.888450288,1
1087,6,2,10,1.76226642,1159,11,0.943194554,1
1238,6,2,10,2.024879693,1409,11,0.888450288,1
1269,2,2,10,1.901531034,1394,11,0.943194554,1
1182,6,2,10,1.985089803,1332,11,0.888450288,1
1256,2,2,10,1.8776571,1416,11,0.888450288,1
1158,2,2,10,1.893573056,1427,11,0.943194554,1
1253,2,2,10,1.901531034,1541,11,0.888450288,1
1326,2,2,10,1.985089803,1607,11,0.888450288,1
1297,2,2,10,2.016921715,1580,11,0.943194554,1
1217,2,2,10,1.754308442,1370,11,0.943194554,1
1064,2,2,10,1.734413497,1125,11,0.943194554,1
1267,2,2,10,1.806035299,1504,11,0.943194554,1
1255,2,2,10,1.965194858,1132,11,0.943194554,1
1147,6,2,10,1.774203387,1300,11,0.943194554,1
1348,6,2,10,2.247703075,1704,11,0.888450288,1
1123,6,2,10,1.774203387,1226,11,0.943194554,1
1267,2,2,10,2.07262756,1778,11,0.888450288,1
1162,2,2,10,1.821951255,1151,11,0.888450288,1
1087,2,2,10,2.048753626,1343,11,0.888450288,1
1161,2,2,10,1.555358993,1438,11,0.943194554,1
1197,6,2,10,1.901531034,1257,11,0.888450288,1
1185,6,2,10,1.742371475,1111,11,0.943194554,1
1272,6,2,10,2.012942726,1663,11,0.943194554,1
1095,6,2,10,1.702581585,1431,11,0.888450288,1
1206,2,2,10,1.977131825,1489,11,0.888450288,1
994,6,2,10,1.738392486,1398,11,0.888450288,1
1160,6,2,10,1.989068792,1524,11,0.943194554,1
1157,2,2,10,1.861741144,1380,11,0.943194554,1
1005,6,2,10,1.754308442,1173,11,0.888450288,1
1262,2,2,10,1.889594067,1463,11,0.943194554,1
1143,6,2,10,1.817972266,1380,11,0.943194554,1
1102,6,2,10,1.945299913,1395,11,0.943194554,1
1131,2,2,10,2.040795648,1386,11,0.888450288,1
1140,2,2,10,1.774203387,1321,11,0.888450288,1
1194,6,2,10,1.869699122,1381,11,0.943194554,1
1239,6,2,10,1.933362946,1311,11,0.888450288,1
1314,2,2,10,1.865720133,1443,11,0.943194554,1
1277,2,2,10,2.064669582,1718,11,0.888450288,1
1229,2,2,10,1.989068792,1411,11,0.943194554,1
1314,6,2,10,2.104459472,1767,11,0.888450288,1
1031,6,2,10,1.861741144,1416,11,0.943194554,1
1295,2,2,10,1.865720133,1487,11,0.888450288,1
1187,2,2,10,2.048753626,1439,11,0.888450288,1
1285,2,2,10,1.893573056,1402,11,0.888450288,1
1132,2,2,10,1.889594067,1423,11,0.943194554,1
1082,2,2,10,1.76226642,1449,11,0.943194554,1
1167,2,2,10,1.91744699,1484,11,0.943194554,1
1265,6,2,10,2.156186329,1585,11,0.943194554,1
1264,6,2,10,1.95723688,1595,11,0.943194554,1
1051,2,2,10,1.961215869,1406,11,0.888450288,1
1284,6,2,10,2.004984748,1690,11,0.888450288,1
1150,6,2,10,1.897552045,1340,11,0.888450288,1
1160,2,2,10,1.905510023,1375,11,0.943194554,1
1234,2,2,10,1.925404968,1525,11,0.888450288,1
1203,2,2,10,1.981110814,1184,11,0.888450288,1
1093,6,2,10,1.730434508,1480,11,0.888450288,1
1237,6,2,10,1.969173847,1400,11,0.943194554,1
1036,6,2,10,1.630959784,1345,11,0.943194554,1
1209,2,2,10,2.016921715,1461,11,0.943194554,1
1069,2,2,10,1.706560574,1273,11,0.943194554,1
1205,2,2,10,2.020900704,1426,11,0.888450288,1
1092,6,2,10,1.64687574,1208,11,0.943194554,1
1188,6,2,10,1.810014288,1256,11,0.943194554,1
1368,6,2,10,1.945299913,1617,11,0.943194554,1
1179,2,2,10,1.965194858,1674,11,0.943194554,1
1064,2,2,10,1.694623607,1383,11,0.943194554,1
1217,2,2,10,1.758287431,1472,11,0.888450288,1
1180,6,2,10,1.965194858,1340,11,0.888450288,1
1286,6,2,10,2.132312395,1826,11,0.888450288,1
1204,2,2,10,1.869699122,1400,11,0.888450288,1
1316,6,2,10,2.176081274,1584,11,0.888450288,1
1341,2,2,10,2.223829141,1816,11,0.888450288,1
1240,2,2,10,2.092522505,1633,11,0.943194554,1
1283,6,2,10,2.024879693,1602,11,0.888450288,1
1127,6,2,10,1.766245409,1313,11,0.943194554,1
1221,6,2,10,1.91744699,1482,11,0.888450288,1
1207,2,2,10,1.949278902,1433,11,0.943194554,1
1153,6,2,10,1.861741144,1584,11,0.943194554,1
1128,6,2,10,1.798077321,1176,11,0.943194554,1
1251,2,2,10,1.965194858,1276,11,0.888450288,1
1261,2,2,10,1.8776571,1331,11,0.943194554,1
1130,2,2,10,1.634938773,1351,11,0.888450288,1
1281,6,2,10,2.016921715,1371,11,0.888450288,1
1006,6,2,10,1.897552045,1172,11,0.943194554,1
1249,6,2,10,1.909489012,1289,11,0.888450288,1
1288,6,2,10,1.965194858,1599,11,0.943194554,1
1301,6,2,10,2.016921715,1689,11,0.943194554,1
1298,2,2,10,2.096501494,1579,11,0.888450288,1
1305,6,2,10,2.016921715,1345,11,0.943194554,1
1265,6,2,10,2.104459472,1694,11,0.943194554,1
1155,2,2,10,2.044774637,1527,11,0.888450288,1
1070,2,2,10,1.825930244,1516,11,0.888450288,1
1133,6,2,10,1.730434508,1414,11,0.888450288,1
1165,2,2,10,2.008963737,1453,11,0.943194554,1
1315,2,2,10,2.136291384,1537,11,0.888450288,1
1205,2,2,10,1.929383957,1410,11,0.943194554,1
1093,6,2,10,1.953257891,1306,11,0.943194554,1
1347,6,2,10,1.885615078,1522,11,0.888450288,1
1081,6,2,10,1.813993277,1078,11,0.888450288,1
1209,6,2,10,1.861741144,1419,11,0.943194554,1
1050,2,2,10,1.758287431,1263,11,0.943194554,1
997,2,0,10,2.124354417,1722,11,0.943194554,0
914,2,0,10,1.475779214,1418,11,0.888450288,0
865,2,0,10,2.104459472,1971,11,0.943194554,0
841,6,0,10,2.024879693,1384,11,0.888450288,0
914,6,0,10,0.660086473,1453,11,0.888450288,0
795,6,0,10,0.994321547,1249,11,0.888450288,0
1005,2,0,10,2.860467378,2036,11,0.888450288,0
723,2,0,10,1.555358993,1473,11,0.943194554,0
685,2,0,10,1.117670206,1329,11,0.943194554,0
858,6,0,10,2.490421403,1742,11,0.888450288,0
865,2,0,10,2.188018241,1731,11,0.943194554,0
839,6,0,10,1.873678111,1646,11,0.943194554,0
1010,6,0,10,2.247703075,2095,11,0.888450288,0
895,2,0,10,1.619022817,1586,11,0.888450288,0
885,2,0,10,1.865720133,1568,11,0.888450288,0
979,6,0,10,2.402883645,1706,11,0.943194554,0
1110,6,0,10,2.733139731,1868,11,0.888450288,0
1086,6,0,10,2.291471954,1728,11,0.943194554,0
813,2,0,10,1.519548092,1210,11,0.888450288,0
737,2,0,10,1.272850776,1488,11,0.888450288,0
672,6,0,10,1.145523129,1671,11,0.888450288,0
504,6,0,10,1.054006382,1497,11,0.943194554,0
847,2,0,10,1.845825189,1441,11,0.943194554,0
970,6,0,10,2.566022194,1487,11,0.943194554,0
1211,2,0,10,2.398904656,1891,11,0.943194554,0
767,6,0,10,1.630959784,1708,11,0.943194554,0
964,2,0,10,2.38696769,1527,11,0.888450288,0
954,6,0,10,2.665496918,2042,11,0.888450288,0
1037,6,0,10,1.523527081,1511,11,0.888450288,0
1051,2,0,10,2.327282855,2159,11,0.888450288,0
880,2,0,10,2.203934197,1665,11,0.888450288,0
1005,6,0,10,2.749055686,2055,11,0.888450288,0
1017,2,0,10,1.575253938,1406,11,0.888450288,0
1108,2,0,10,2.550106238,1997,11,0.888450288,0
783,6,0,10,2.418799601,1984,11,0.888450288,0
876,6,0,10,1.706560574,1460,11,0.888450288,0
1002,6,0,10,1.129607173,1298,11,0.888450288,0
914,2,0,10,2.295450943,1993,11,0.943194554,0
965,2,0,10,1.623001806,1457,11,0.888450288,0
922,2,0,10,1.965194858,1601,11,0.943194554,0
1089,2,0,10,2.188018241,1770,11,0.943194554,0
1123,6,0,10,2.303408921,1616,11,0.943194554,0
1110,2,0,10,1.551380004,1480,11,0.888450288,0
706,2,0,10,1.563316971,1292,11,0.888450288,0
875,6,0,10,1.615043828,1261,11,0.888450288,0
1214,6,0,10,2.454610502,1487,11,0.888450288,0
1164,2,0,10,1.985089803,1546,11,0.943194554,0
657,6,0,10,0.863014911,1140,11,0.888450288,0
894,2,0,10,1.145523129,1573,11,0.888450288,0
733,6,0,10,1.213165941,1603,11,0.888450288,0
868,6,0,10,1.519548092,1431,11,0.943194554,0
1164,2,0,10,2.77292962,2305,11,0.888450288,0
1112,6,0,10,2.311366899,1812,11,0.943194554,0
1046,6,0,10,2.367072745,1727,11,0.888450288,0
982,2,0,10,1.754308442,1987,11,0.943194554,0
917,2,0,10,2.796803554,2056,11,0.943194554,0
1235,6,0,10,2.303408921,1747,11,0.888450288,0
1265,2,0,10,1.961215869,1932,11,0.943194554,0
974,6,0,10,2.434715557,1702,11,0.943194554,0
969,6,0,10,1.977131825,1897,11,0.943194554,0
656,2,0,10,1.432010335,1282,11,0.943194554,0
631,2,0,10,0.691918385,1472,11,0.888450288,0
648,2,0,10,1.185313018,1556,11,0.888450288,0
872,6,0,10,1.718497541,1509,11,0.943194554,0
1072,2,0,10,2.414820612,1718,11,0.943194554,0
1060,6,0,10,1.650854729,1534,11,0.943194554,0
822,6,0,10,2.609791072,1557,11,0.888450288,0
609,6,0,10,1.340493588,1303,11,0.888450288,0
1254,2,0,10,2.335240833,1766,11,0.888450288,0
972,6,0,10,2.398904656,1864,11,0.943194554,0
813,6,0,10,1.845825189,1518,11,0.943194554,0
1020,6,0,10,2.526232304,1788,11,0.943194554,0
1030,2,0,10,1.678707652,1996,11,0.888450288,0
1027,6,0,10,2.211892175,2025,11,0.888450288,0
985,2,0,10,2.223829141,1315,11,0.888450288,0
876,6,0,10,1.973152836,1764,11,0.888450288,0
637,2,0,10,0.958510647,1049,11,0.943194554,0
891,6,0,10,2.430736568,1946,11,0.943194554,0
760,2,0,10,2.084564527,1673,11,0.943194554,0
794,6,0,10,2.454610502,1872,11,0.888450288,0
719,6,0,10,1.069922338,1002,11,0.943194554,0
1005,2,0,10,3.182765485,2158,11,0.943194554,0
798,2,0,10,1.599127872,1522,11,0.943194554,0
890,2,0,10,2.649580962,2096,11,0.888450288,0
916,2,0,10,2.032837671,1836,11,0.888450288,0
1189,2,0,10,2.530211293,1956,11,0.943194554,0
775,6,0,10,1.973152836,1898,11,0.943194554,0
956,6,0,10,3.27826122,2053,11,0.888450288,0
1095,6,0,10,1.463842247,1651,11,0.943194554,0
866,6,0,10,2.717223775,1874,11,0.888450288,0
1040,6,0,10,2.466547469,1861,11,0.943194554,0
935,6,0,10,2.251682064,1648,11,0.943194554,0
738,6,0,10,1.264892798,1683,11,0.888450288,0
947,2,0,10,1.595148883,1568,11,0.943194554,0
830,2,0,10,0.986363569,1225,11,0.888450288,0
735,2,0,10,1.778182376,1495,11,0.888450288,0
979,2,0,10,1.619022817,1386,11,0.943194554,0
1003,6,0,10,2.61774905,2040,11,0.888450288,0
925,2,0,10,1.961215869,1419,11,0.888450288,0
645,6,0,10,1.447926291,1547,11,0.943194554,0
956,6,0,10,1.710539563,1671,11,0.888450288,0
701,6,0,10,2.382988701,2199,11,0.888450288,0
763,2,0,10,1.244997853,1089,11,0.943194554,0
817,6,0,10,1.026153459,1267,11,0.943194554,0
761,2,0,10,1.459863258,1203,11,0.888450288,0
824,6,0,10,1.56729596,1475,11,0.888450288,0
880,6,0,10,2.120375428,1684,11,0.888450288,0
830,6,0,10,2.207913186,1902,11,0.943194554,0
1107,6,0,10,3.341925044,2288,11,0.943194554,0
1462,6,0,10,2.955963113,2166,11,0.943194554,0
1178,6,0,10,2.219850152,1736,11,0.888450288,0
1145,2,0,10,1.388241456,1410,11,0.888450288,0
1092,2,0,10,3.059416827,2180,11,0.888450288,0
660,6,0,10,0.083984465,854,11,0.888450288,0
1096,6,0,10,2.116396439,1636,11,0.943194554,0
515,6,0,10,1.384262467,1278,11,0.888450288,0
650,2,0,10,1.905510023,1326,11,0.888450288,0
1199,6,0,10,2.760992653,1806,11,0.888450288,0
774,6,0,10,1.746350464,1680,11,0.888450288,0
1120,2,0,10,3.043500871,1973,11,0.943194554,0
1202,6,0,10,1.95723688,1970,11,0.943194554,0
1224,6,0,10,2.382988701,2141,11,0.888450288,0
981,6,0,10,2.199955208,2019,11,0.888450288,0
877,2,0,10,1.388241456,1471,11,0.943194554,0
823,2,0,10,1.817972266,1428,11,0.943194554,0
910,6,0,10,1.706560574,1512,11,0.888450288,0
1030,2,0,10,1.933362946,1764,11,0.888450288,0
950,6,0,10,1.698602596,1494,11,0.888450288,0
984,2,0,10,2.458589491,1793,11,0.943194554,0
967,6,0,10,1.619022817,1694,11,0.943194554,0
863,6,0,10,1.081859305,1526,11,0.943194554,0
1140,6,0,10,2.46256848,1664,11,0.943194554,0
886,2,0,10,1.690644618,1659,11,0.888450288,0
1075,2,0,10,2.104459472,1499,11,0.943194554,0
912,2,0,10,1.806035299,1620,11,0.943194554,0
1050,6,0,10,2.398904656,2053,11,0.888450288,0
813,2,0,10,1.56729596,1491,11,0.888450288,0
872,2,0,10,1.523527081,1627,11,0.888450288,0
975,2,0,10,0.942594691,1517,11,0.888450288,0
739,2,0,10,1.937341935,1429,11,0.943194554,0
839,6,0,10,1.52750607,1571,11,0.943194554,0
948,6,0,10,2.016921715,1739,11,0.943194554,0
742,6,0,10,1.726455519,1589,11,0.888450288,0
1276,2,0,10,2.343198811,1735,11,0.943194554,0
829,2,0,10,0.994321547,1546,11,0.888450288,0
741,6,0,10,1.921425979,1531,11,0.888450288,0
1238,2,0,10,1.591169894,1837,11,0.888450288,0
943,6,0,10,1.030132448,1405,11,0.888450288,0
999,6,0,10,2.554085227,1616,11,0.943194554,0
952,2,0,10,2.398904656,2024,11,0.943194554,0
512,6,0,10,1.778182376,1630,11,0.888450288,0
710,6,0,10,1.233060886,1536,11,0.888450288,0
1052,6,0,10,1.833888222,1548,11,0.888450288,0
845,2,0,10,1.396199434,1535,11,0.943194554,0
1031,2,0,10,2.271577009,1847,11,0.943194554,0
837,2,0,10,1.726455519,1811,11,0.943194554,0
776,2,0,10,1.428031346,1780,11,0.888450288,0
923,6,0,10,1.99702677,1554,11,0.888450288,0
900,2,0,10,2.172102285,1571,11,0.888450288,0
976,2,0,10,2.060690593,1794,11,0.888450288,0
866,6,0,10,2.259640042,1784,11,0.943194554,0
789,2,0,10,0.473073991,1304,11,0.888450288,0
1084,6,0,10,1.698602596,1686,11,0.943194554,0
756,2,0,10,1.531485059,1307,11,0.943194554,0
1042,6,0,10,1.563316971,1759,11,0.888450288,0
1163,6,0,10,2.601833094,1854,11,0.888450288,0
1093,6,0,10,1.845825189,1837,11,0.888450288,0
660,6,0,10,1.981110814,1631,11,0.888450288,0
783,2,0,10,2.096501494,1423,11,0.888450288,0
722,2,0,10,2.900257268,1920,11,0.888450288,0
958,6,0,10,1.591169894,1427,11,0.943194554,0
1069,2,0,10,1.893573056,1670,11,0.943194554,0
855,2,0,10,1.002279525,1455,11,0.888450288,0
1104,2,0,10,1.742371475,1902,11,0.943194554,0
798,2,0,10,2.211892175,1640,11,0.888450288,0
1113,2,0,10,2.760992653,2066,11,0.888450288,0
1157,6,0,10,2.558064216,1654,11,0.943194554,0
1204,6,0,10,3.234492342,1882,11,0.888450288,0
960,6,0,10,1.941320924,1481,11,0.888450288,0
890,2,0,10,1.575253938,1704,11,0.888450288,0
826,2,0,10,2.004984748,1623,11,0.888450288,0
1082,6,0,10,1.758287431,1699,11,0.943194554,0
757,2,0,10,1.64687574,1470,11,0.943194554,0
704,2,0,10,1.961215869,1611,11,0.943194554,0
716,2,0,10,1.320598644,1426,11,0.943194554,0
949,6,0,10,1.563316971,1525,11,0.943194554,0
978,6,0,10,1.619022817,1591,11,0.943194554,0
974,2,0,10,2.30738791,1742,11,0.943194554,0
907,6,0,10,1.038090426,1710,11,0.943194554,0
973,2,0,10,2.792824565,1830,11,0.888450288,0
1108,6,0,10,1.654833718,1588,11,0.888450288,0
922,2,0,10,2.414820612,1994,11,0.888450288,0
720,6,0,10,1.885615078,1844,11,0.888450288,0
820,2,0,10,2.430736568,1824,11,0.888450288,0
748,2,0,10,1.865720133,1313,11,0.888450288,0
947,6,0,10,1.630959784,1435,11,0.888450288,0
1084,2,0,10,1.754308442,1356,11,0.888450288,0
1210,2,0,10,2.271577009,1748,11,0.888450288,0
1017,6,0,10,1.416094379,1323,11,0.888450288,0
1184,6,0,10,2.562043205,1863,11,0.943194554,0
884,6,0,10,1.571274949,1615,11,0.888450288,0
967,6,0,10,1.459863258,1575,11,0.943194554,0
697,2,0,10,0.894846823,1478,11,0.888450288,0
1182,6,0,10,2.343198811,1882,11,0.943194554,0
1200,6,0,10,2.056711604,1622,11,0.888450288,0
943,2,0,10,2.438694546,1993,11,0.943194554,0
896,2,0,10,1.698602596,1642,11,0.943194554,0
937,2,0,10,1.794098332,1441,11,0.943194554,0
1146,2,0,10,1.91744699,1708,11,0.888450288,0
602,2,0,10,1.786140354,1591,11,0.888450288,0
958,6,0,10,2.128333406,1728,11,0.943194554,0
1053,6,0,10,1.455884269,1528,11,0.888450288,0
946,2,0,10,1.034111437,1417,11,0.888450288,0
1007,6,0,10,2.140270373,1814,11,0.888450288,0
1045,6,0,10,2.251682064,1697,11,0.943194554,0
1131,2,0,10,2.450631513,1755,11,0.888450288,0
968,2,0,10,1.447926291,1715,11,0.888450288,0
574,2,0,10,1.611064839,1730,11,0.888450288,0
1124,6,0,10,2.46256848,1784,11,0.943194554,0
1031,6,0,10,1.714518552,1807,11,0.943194554,0
1014,6,0,10,2.363093756,1750,11,0.943194554,0
1245,2,0,10,2.251682064,2115,11,0.888450288,0
1279,2,0,10,1.817972266,1586,11,0.943194554,0
895,2,0,10,2.243724086,1751,11,0.943194554,0
1051,2,0,10,1.360388533,1569,11,0.943194554,0
1240,2,0,10,1.893573056,1514,11,0.943194554,0
916,6,0,10,1.60708585,1440,11,0.943194554,0
1000,6,0,10,1.698602596,1731,11,0.943194554,0
1016,6,0,10,1.837867211,1768,11,0.943194554,0
869,6,0,10,1.547401015,1577,11,0.943194554,0
999,6,0,10,2.287492965,1945,11,0.943194554,0
990,6,0,10,2.303408921,1806,11,0.943194554,0
658,2,0,10,1.324577633,1392,11,0.943194554,0
1140,2,0,10,2.46256848,1835,11,0.943194554,0
703,6,0,10,1.447926291,1446,11,0.943194554,0
1161,6,0,10,2.124354417,1989,11,0.888450288,0
900,6,0,10,1.615043828,1964,11,0.888450288,0
691,2,0,10,1.368346511,1401,11,0.888450288,0
634,2,0,10,1.300703699,1247,11,0.888450288,0
963,6,0,10,2.088543516,1886,11,0.943194554,0
1097,2,0,10,1.065943349,1414,11,0.943194554,0
1132,2,0,10,2.211892175,1848,11,0.943194554,0
1192,2,0,10,2.510316348,2063,11,0.888450288,0
1050,2,0,10,2.128333406,2052,11,0.888450288,0
1214,6,0,10,1.726455519,1807,11,0.888450288,0
933,6,0,10,1.642896751,1534,11,0.943194554,0
941,6,0,10,1.292745721,1773,11,0.943194554,0
1027,6,0,10,2.379009712,1722,11,0.888450288,0
1331,6,0,10,3.150933573,2243,11,0.888450288,0
1119,2,0,10,1.730434508,1736,11,0.888450288,0
1279,6,0,10,2.904236257,2154,11,0.888450288,0
977,6,0,10,1.754308442,1533,11,0.888450288,0
542,6,0,10,1.901531034,1756,11,0.943194554,0
1001,6,0,10,2.514295337,2036,11,0.888450288,0
1020,6,0,10,1.41211539,1847,11,0.943194554,0
902,2,0,10,1.416094379,1308,11,0.888450288,0
791,2,0,10,0.492968936,1569,11,0.943194554,0
889,2,0,10,1.316619655,1200,11,0.888450288,0
919,6,0,10,1.205207963,1270,11,0.888450288,0
1319,2,0,10,2.800782543,1995,11,0.943194554,0
953,2,0,10,1.670749674,1888,11,0.943194554,0
893,2,0,10,2.07262756,1746,11,0.888450288,0
1051,2,0,10,2.418799601,1868,11,0.888450288,0
1187,6,0,10,2.040795648,1982,11,0.943194554,0
953,6,0,10,1.941320924,1827,11,0.888450288,0
983,2,0,10,0.986363569,1304,11,0.943194554,0
626,2,0,10,1.432010335,1339,11,0.943194554,0
1107,2,0,10,2.359114767,1682,11,0.943194554,0
702,6,0,10,1.750329453,1546,11,0.943194554,0
973,6,0,10,2.581938149,2215,11,0.888450288,0
1117,2,0,10,1.889594067,1694,11,0.888450288,0
905,6,0,10,1.72247653,1631,11,0.943194554,0
984,2,0,10,1.396199434,1869,11,0.888450288,0
776,6,0,10,1.356409544,1511,11,0.888450288,0
965,2,0,10,1.221123919,1469,11,0.888450288,0
884,6,0,10,2.040795648,1396,11,0.943194554,0
1172,6,0,10,1.766245409,1509,11,0.943194554,0
775,2,0,10,1.241018864,1322,11,0.888450288,0
835,2,0,10,1.885615078,1679,11,0.888450288,0
1175,6,0,10,1.921425979,1643,11,0.943194554,0
953,6,0,10,2.048753626,1611,11,0.943194554,0
1075,6,0,10,2.275555998,1786,11,0.888450288,0
976,2,0,10,2.012942726,1866,11,0.888450288,0
910,6,0,10,1.833888222,1673,11,0.888450288,0
784,2,0,10,1.690644618,1572,11,0.943194554,0
872,2,0,10,1.571274949,1648,11,0.888450288,0
928,6,0,10,2.001005759,2051,11,0.943194554,0
1145,6,0,10,2.211892175,1855,11,0.888450288,0
988,6,0,10,2.303408921,1950,11,0.943194554,0
1073,2,0,10,1.619022817,1556,11,0.943194554,0
870,2,0,10,2.430736568,1934,11,0.888450288,0
922,6,0,10,2.38696769,2059,11,0.888450288,0
1170,2,0,10,2.263619031,1814,11,0.888450288,0
866,6,0,10,1.885615078,1517,11,0.943194554,0
621,2,0,10,1.376304489,1404,11,0.943194554,0
1095,2,0,10,2.430736568,1811,11,0.943194554,0
1076,6,0,10,2.717223775,2066,11,0.888450288,0
915,6,0,10,2.052732615,1875,11,0.943194554,0
1012,6,0,10,1.961215869,1709,11,0.888450288,0
1057,2,0,10,2.044774637,2099,11,0.888450288,0
985,2,0,10,2.323303866,1850,11,0.943194554,0
1046,2,0,10,2.689370852,1874,11,0.888450288,0
1131,2,0,10,2.514295337,2039,11,0.943194554,0
1127,6,0,10,2.211892175,1481,11,0.888450288,0
913,2,0,10,1.885615078,1707,11,0.943194554,0
1125,6,0,10,2.367072745,1937,11,0.888450288,0
977,6,0,10,2.211892175,1442,11,0.888450288,0
792,6,0,10,1.961215869,1769,11,0.943194554,0
1090,2,0,10,2.494400392,2054,11,0.888450288,0
1068,6,0,10,2.780887598,1712,11,0.888450288,0
1122,6,0,10,1.579232927,1354,11,0.888450288,0
910,2,0,10,2.343198811,1652,11,0.943194554,0
1035,6,0,10,2.172102285,1849,11,0.943194554,0
902,6,0,10,2.223829141,1828,11,0.888450288,0
691,2,0,10,1.658812707,1448,11,0.888450288,0
1087,2,0,10,1.730434508,1456,11,0.943194554,0
767,2,0,10,1.495674159,1440,11,0.888450288,0
891,2,0,10,1.237039875,1611,11,0.943194554,0
1060,6,0,10,2.570001182,2097,11,0.943194554,0
767,2,0,10,1.662791696,1798,11,0.943194554,0
925,2,0,10,1.782161365,1484,11,0.888450288,0
941,2,0,10,2.486442414,1893,11,0.943194554,0
880,2,0,10,1.937341935,1669,11,0.943194554,0
1103,6,0,10,1.579232927,1889,11,0.943194554,0
1033,2,0,10,1.603106861,1934,11,0.943194554,0
860,6,0,10,1.511590114,1433,11,0.943194554,0
937,2,0,10,2.868425356,1880,11,0.943194554,0
906,6,0,10,1.821951255,1480,11,0.943194554,0
1034,2,0,10,2.351156789,1634,11,0.943194554,0
759,2,0,10,1.284787743,1536,11,0.943194554,0
961,6,0,10,1.857762156,1762,11,0.943194554,0
1236,6,0,10,2.593875116,1923,11,0.943194554,0
946,6,0,10,2.004984748,1166,11,0.943194554,0
890,2,0,10,2.028858682,1904,11,0.888450288,0
1126,2,0,10,2.573980171,1932,11,0.943194554,0
893,2,0,10,2.064669582,1599,11,0.888450288,0
931,6,0,10,2.315345888,1592,11,0.888450288,0
829,6,0,10,0.870972889,1590,11,0.888450288,0
967,6,0,10,1.897552045,1523,11,0.943194554,0
803,2,0,10,2.180060263,1760,11,0.943194554,0
774,6,0,10,1.069922338,1501,11,0.943194554,0
628,6,0,10,0.890867834,1554,11,0.888450288,0
880,6,0,10,1.344472577,1661,11,0.943194554,0
1055,2,0,10,0.98238458,1353,11,0.888450288,0
989,6,0,10,2.180060263,1741,11,0.888450288,0
1033,6,0,10,2.430736568,1704,11,0.888450288,0
1056,2,0,10,2.020900704,1637,11,0.943194554,0
1214,6,0,10,2.888320301,1934,11,0.888450288,0
1037,6,0,10,2.108438461,1718,11,0.888450288,0
809,2,0,10,1.41211539,1666,11,0.888450288,0
1040,6,0,10,2.331261844,1744,11,0.888450288,0
906,2,0,10,1.416094379,1552,11,0.888450288,0
1015,2,0,10,1.209186952,1397,11,0.943194554,0
926,2,0,10,2.001005759,1611,11,0.943194554,1
681,2,0,10,1.941320924,1420,11,0.943194554,1
748,6,0,10,2.001005759,1602,11,0.943194554,1
1030,6,0,10,2.032837671,1780,11,0.888450288,1
730,6,0,10,1.829909233,1267,11,0.888450288,1
660,6,0,10,1.829909233,1342,11,0.943194554,1
876,2,0,10,2.15220734,1584,11,0.943194554,1
835,2,0,10,1.686665629,1260,11,0.888450288,1
1052,6,0,10,2.120375428,1879,11,0.888450288,1
854,6,0,10,1.893573056,1387,11,0.888450288,1
760,6,0,10,1.865720133,1392,11,0.888450288,1
678,6,0,10,1.690644618,1181,11,0.888450288,1
840,2,0,10,2.060690593,1428,11,0.943194554,1
882,6,0,10,1.885615078,1441,11,0.943194554,1
738,2,0,10,1.698602596,1357,11,0.888450288,1
666,6,0,10,1.893573056,1534,11,0.943194554,1
738,2,0,10,1.80205631,1390,11,0.943194554,1
858,6,0,10,1.810014288,1404,11,0.943194554,1
903,2,0,10,2.247703075,1818,11,0.888450288,1
740,2,0,10,1.909489012,1489,11,0.943194554,1
987,2,0,10,1.981110814,1572,11,0.943194554,1
792,2,0,10,1.599127872,1319,11,0.888450288,1
826,2,0,10,1.977131825,1450,11,0.943194554,1
830,2,0,10,1.873678111,1415,11,0.943194554,1
836,2,0,10,1.929383957,1332,11,0.888450288,1
855,2,0,10,1.909489012,1525,11,0.888450288,1
816,6,0,10,2.084564527,1480,11,0.888450288,1
721,6,0,10,1.774203387,1174,11,0.943194554,1
988,2,0,10,2.052732615,1649,11,0.943194554,1
914,2,0,10,2.028858682,1523,11,0.943194554,1
1013,6,0,10,2.096501494,1489,11,0.888450288,1
1013,2,0,10,1.921425979,1464,11,0.888450288,1
858,6,0,10,2.068648571,1509,11,0.943194554,1
847,2,0,10,1.806035299,1182,11,0.943194554,1
769,6,0,10,1.786140354,1426,11,0.943194554,1
870,6,0,10,1.937341935,1473,11,0.888450288,1
716,2,0,10,1.825930244,1483,11,0.888450288,1
661,2,0,10,1.563316971,1203,11,0.943194554,1
846,2,0,10,2.012942726,1567,11,0.888450288,1
1107,2,0,10,2.243724086,1736,11,0.888450288,1
845,6,0,10,2.03681666,1273,11,0.943194554,1
918,6,0,10,1.817972266,1591,11,0.943194554,1
814,6,0,10,1.718497541,1342,11,0.943194554,1
813,2,0,10,1.99702677,1639,11,0.888450288,1
992,6,0,10,1.845825189,1295,11,0.943194554,1
718,2,0,10,1.8418462,1199,11,0.943194554,1
593,2,0,10,1.746350464,1121,11,0.888450288,1
785,2,0,10,1.80205631,1439,11,0.943194554,1
856,2,0,10,2.020900704,1592,11,0.888450288,1
742,6,0,10,1.674728663,1165,11,0.943194554,1
1001,6,0,10,1.925404968,1298,11,0.943194554,1
551,2,0,10,1.682686641,1290,11,0.943194554,1
879,2,0,10,2.056711604,1527,11,0.943194554,1
861,6,0,10,2.004984748,1591,11,0.943194554,1
904,2,0,10,1.989068792,1355,11,0.888450288,1
844,2,0,10,1.76226642,1328,11,0.943194554,1
836,2,0,10,1.985089803,1482,11,0.943194554,1
648,6,0,10,1.941320924,1623,11,0.943194554,1
487,2,0,10,1.774203387,1358,11,0.888450288,1
754,6,0,10,2.024879693,1473,11,0.888450288,1
779,2,0,10,1.8776571,1381,11,0.888450288,1
749,6,0,10,1.941320924,1311,11,0.943194554,1
728,6,0,10,1.746350464,1209,11,0.888450288,1
853,6,0,10,2.020900704,1627,11,0.943194554,1
790,6,0,10,1.774203387,1296,11,0.888450288,1
801,2,0,10,1.742371475,1272,11,0.943194554,1
867,6,0,10,1.973152836,1512,11,0.943194554,1
736,2,0,10,1.873678111,1277,11,0.943194554,1
1023,2,0,10,2.120375428,1724,11,0.888450288,1
1025,2,0,10,2.168123296,1749,11,0.943194554,1
763,6,0,10,1.937341935,1455,11,0.888450288,1
801,2,0,10,1.989068792,1581,11,0.943194554,1
735,6,0,10,1.865720133,1469,11,0.888450288,1
997,2,0,10,2.287492965,1668,11,0.943194554,1
721,2,0,10,1.977131825,1491,11,0.943194554,1
850,6,0,10,1.798077321,1339,11,0.888450288,1
850,6,0,10,1.969173847,1367,11,0.888450288,1
750,6,0,10,2.008963737,1688,11,0.888450288,1
763,6,0,10,2.001005759,1388,11,0.888450288,1
622,6,0,10,1.810014288,1293,11,0.888450288,1
747,6,0,10,1.949278902,1294,11,0.888450288,1
963,2,0,10,2.068648571,1648,11,0.888450288,1
764,6,0,10,1.905510023,1704,11,0.888450288,1
812,6,0,10,2.028858682,1560,11,0.888450288,1
575,2,0,10,1.579232927,1067,11,0.943194554,1
653,6,0,10,1.774203387,1299,11,0.888450288,1
848,6,0,10,2.008963737,1390,11,0.943194554,1
585,2,0,10,1.80205631,1332,11,0.888450288,1
901,2,0,10,1.981110814,1398,11,0.943194554,1
859,2,0,10,2.024879693,1390,11,0.943194554,1
949,6,0,10,2.108438461,1673,11,0.888450288,1
711,6,0,10,2.040795648,1529,11,0.888450288,1
822,2,0,10,1.698602596,1401,11,0.943194554,1
793,2,0,10,2.056711604,1588,11,0.943194554,1
924,6,0,10,2.004984748,1508,11,0.888450288,1
807,6,0,10,1.933362946,1509,11,0.888450288,1
673,6,0,10,1.72247653,1282,11,0.943194554,1
826,6,0,10,2.092522505,1615,11,0.888450288,1
729,6,0,10,1.650854729,1283,11,0.888450288,1
783,2,0,10,1.969173847,1547,11,0.943194554,1
887,6,0,10,1.929383957,1334,11,0.943194554,1
715,2,0,10,2.048753626,1439,11,0.888450288,1
1082,2,0,10,2.259640042,1756,11,0.943194554,1
837,6,0,10,1.973152836,1545,11,0.888450288,1
826,6,0,10,1.929383957,1503,11,0.943194554,1
659,6,0,10,1.774203387,1337,11,0.888450288,1
693,6,0,10,1.845825189,1307,11,0.888450288,1
1176,6,0,10,2.195976219,1734,11,0.943194554,1
879,2,0,10,1.885615078,1324,11,0.943194554,1
645,2,0,10,1.794098332,1293,11,0.888450288,1
665,6,0,10,1.766245409,1207,11,0.888450288,1
772,2,0,10,1.857762156,1341,11,0.888450288,1
764,6,0,10,1.893573056,1397,11,0.943194554,1
703,2,0,10,2.048753626,1527,11,0.888450288,1
784,2,0,10,1.977131825,1480,11,0.888450288,1
660,6,0,10,1.702581585,1147,11,0.943194554,1
749,6,0,10,1.913468001,1582,11,0.888450288,1
811,6,0,10,1.897552045,1449,11,0.943194554,1
919,2,0,10,2.172102285,1745,11,0.888450288,1
945,6,0,10,2.001005759,1428,11,0.888450288,1
740,2,0,10,1.981110814,1526,11,0.943194554,1
685,2,0,10,2.048753626,1389,11,0.943194554,1
981,6,0,10,2.239745097,1748,11,0.943194554,1
771,6,0,10,2.180060263,1477,11,0.943194554,1
915,2,0,10,2.024879693,1603,11,0.943194554,1
703,6,0,10,1.961215869,1432,11,0.943194554,1
707,6,0,10,1.985089803,1459,11,0.943194554,1
741,6,0,10,1.945299913,1566,11,0.888450288,1
578,6,0,10,1.857762156,1450,11,0.888450288,1
884,2,0,10,1.853783167,1446,11,0.888450288,1
910,6,0,10,1.790119343,1163,11,0.888450288,1
873,2,0,10,1.985089803,1527,11,0.943194554,1
684,2,0,10,1.889594067,1548,11,0.943194554,1
838,6,0,10,1.845825189,1568,11,0.943194554,1
833,2,0,10,1.853783167,1535,11,0.888450288,1
607,2,0,10,1.99702677,1454,11,0.943194554,1
891,2,0,10,1.754308442,1404,11,0.888450288,1
744,2,0,10,1.925404968,1622,11,0.943194554,1
754,6,0,10,2.028858682,1675,11,0.943194554,1
580,2,0,10,1.8418462,1301,11,0.943194554,1
724,2,0,10,2.076606549,1393,11,0.943194554,1
880,2,0,10,1.953257891,1572,11,0.888450288,1
792,2,0,10,2.084564527,1455,11,0.943194554,1
833,6,0,10,1.774203387,1407,11,0.943194554,1
742,2,0,10,1.893573056,1483,11,0.943194554,1
944,2,0,10,1.901531034,1429,11,0.888450288,1
891,6,0,10,2.156186329,1675,11,0.943194554,1
763,2,0,10,1.706560574,1191,11,0.888450288,1
688,6,0,10,1.8776571,1286,11,0.888450288,1
800,6,0,10,2.080585538,1583,11,0.888450288,1
928,2,0,10,1.893573056,1439,11,0.943194554,1
804,2,0,10,1.662791696,1234,11,0.943194554,1
744,6,0,10,1.99702677,1522,11,0.943194554,1
829,6,0,10,2.092522505,1353,11,0.888450288,1
937,2,0,10,2.132312395,1546,11,0.943194554,1
924,6,0,10,2.012942726,1607,11,0.888450288,1
1047,6,0,10,1.981110814,1548,11,0.943194554,1
622,2,0,10,1.754308442,1302,11,0.888450288,1
797,6,0,10,1.925404968,1441,11,0.943194554,1
485,6,0,10,1.790119343,1308,11,0.888450288,1
859,2,0,10,2.028858682,1501,11,0.888450288,1
845,2,0,10,1.913468001,1637,11,0.888450288,1
861,6,0,10,2.040795648,1471,11,0.888450288,1
806,6,0,10,1.754308442,1347,11,0.943194554,1
700,2,0,10,1.80205631,1188,11,0.943194554,1
893,2,0,10,2.016921715,1421,11,0.943194554,1
760,6,0,10,1.806035299,1241,11,0.943194554,1
1136,2,0,10,2.156186329,1780,11,0.943194554,1
751,6,0,10,1.953257891,1399,11,0.888450288,1
853,6,0,10,1.969173847,1460,11,0.943194554,1
849,6,0,10,2.001005759,1810,11,0.943194554,1
746,2,0,10,1.865720133,1334,11,0.943194554,1
679,2,0,10,1.817972266,1400,11,0.888450288,1
940,6,0,10,2.108438461,1640,11,0.943194554,1
799,2,0,10,2.319324877,1813,11,0.943194554,1
758,2,0,10,1.718497541,1264,11,0.943194554,1
812,6,0,10,2.084564527,1638,11,0.888450288,1
864,2,0,10,2.032837671,1509,11,0.888450288,1
714,2,0,10,1.8776571,1172,11,0.943194554,1
742,2,0,10,1.945299913,1681,11,0.888450288,1
1002,6,0,10,2.382988701,1779,11,0.888450288,1
756,6,0,10,2.064669582,1637,11,0.888450288,1
795,2,0,10,1.889594067,1545,11,0.888450288,1
895,2,0,10,1.949278902,1319,11,0.888450288,1
623,2,0,10,1.547401015,1248,11,0.888450288,1
810,2,0,10,1.730434508,1227,11,0.943194554,1
731,2,0,10,1.794098332,1229,11,0.943194554,1
1001,2,0,10,2.064669582,1844,11,0.888450288,1
970,2,0,10,2.056711604,1926,11,0.943194554,1
749,6,0,10,1.690644618,1474,11,0.888450288,1
644,6,0,10,1.857762156,1645,11,0.943194554,1
764,2,0,10,1.8776571,1486,11,0.888450288,1
838,2,0,10,1.869699122,1399,11,0.943194554,1
710,6,0,10,1.837867211,1505,11,0.888450288,1
780,6,0,10,2.136291384,1686,11,0.943194554,1
686,2,0,10,2.048753626,1604,11,0.888450288,1
747,2,0,10,2.032837671,1567,11,0.943194554,1
795,6,0,10,1.849804178,1382,11,0.888450288,1
684,6,0,10,1.778182376,1273,11,0.888450288,1
928,6,0,10,1.953257891,1717,11,0.943194554,1
515,2,0,10,1.539443037,1087,11,0.888450288,1
1025,2,0,10,2.120375428,1654,11,0.888450288,1
889,2,0,10,1.861741144,1457,11,0.943194554,1
568,6,0,10,1.746350464,1267,11,0.888450288,1
831,2,0,10,1.849804178,1523,11,0.888450288,1
682,2,0,10,1.861741144,1373,11,0.888450288,1
850,6,0,10,1.738392486,1422,11,0.888450288,1
778,2,0,10,1.8776571,1205,11,0.888450288,1
837,6,0,10,1.718497541,1356,11,0.888450288,1
929,2,0,10,1.817972266,1456,11,0.888450288,1
911,6,0,10,1.945299913,1402,11,0.888450288,1
1107,6,0,10,2.048753626,1664,11,0.943194554,1
688,2,0,10,1.905510023,1419,11,0.943194554,1
811,2,0,10,1.905510023,1476,11,0.943194554,1
814,2,0,10,1.909489012,1398,11,0.943194554,1
954,6,0,10,1.901531034,1280,11,0.888450288,1
674,2,0,10,1.758287431,1285,11,0.943194554,1
1096,6,0,10,2.012942726,1607,11,0.943194554,1
605,2,0,10,1.650854729,1140,11,0.888450288,1
830,6,0,10,1.973152836,1235,11,0.943194554,1
705,6,0,10,1.953257891,1310,11,0.888450288,1
835,6,0,10,1.881636089,1374,11,0.943194554,1
731,2,0,10,1.76226642,1283,11,0.943194554,1
1028,2,0,10,2.144249362,1810,11,0.943194554,1
825,6,0,10,2.048753626,1526,11,0.888450288,1
868,2,0,10,1.965194858,1291,11,0.888450288,1
1032,2,0,10,1.977131825,1481,11,0.888450288,1
863,6,0,10,1.853783167,1401,11,0.888450288,1
914,6,0,10,2.03681666,1425,11,0.943194554,1
770,2,0,10,1.694623607,1034,11,0.888450288,1
838,2,0,10,1.849804178,1516,11,0.943194554,1
756,6,0,10,1.638917762,1159,11,0.888450288,1
896,2,0,10,2.104459472,1550,11,0.943194554,1
800,6,0,10,2.195976219,1705,11,0.888450288,1
863,6,0,10,1.989068792,1514,11,0.943194554,1
820,2,0,10,1.993047781,1462,11,0.943194554,1
712,2,0,10,1.813993277,1312,11,0.943194554,1
982,2,0,10,2.199955208,1617,11,0.943194554,1
592,2,0,10,1.786140354,1164,11,0.888450288,1
889,2,0,10,2.028858682,1482,11,0.888450288,1
728,6,0,10,1.925404968,1546,11,0.943194554,1
943,2,0,10,1.989068792,1408,11,0.888450288,1
988,2,0,10,1.973152836,1639,11,0.888450288,1
729,6,0,10,1.937341935,1355,11,0.943194554,1
649,2,0,10,1.774203387,1269,11,0.888450288,1
730,6,0,10,1.718497541,1264,11,0.888450288,1
865,6,0,10,1.897552045,1667,11,0.943194554,1
868,6,0,10,1.821951255,1497,11,0.943194554,1
703,2,0,10,1.965194858,1533,11,0.943194554,1
828,6,0,10,2.096501494,1675,11,0.943194554,1
785,6,0,10,1.989068792,1328,11,0.943194554,1
855,6,0,10,1.949278902,1644,11,0.888450288,1
688,6,0,10,1.786140354,1297,11,0.943194554,1
780,2,0,10,1.849804178,1484,11,0.943194554,1
882,6,0,10,2.040795648,1691,11,0.888450288,1
1074,2,0,10,2.19199723,1599,11,0.888450288,1
783,6,0,10,1.798077321,1315,11,0.943194554,1
842,6,0,10,2.084564527,1653,11,0.888450288,1
517,2,0,10,1.742371475,1335,11,0.943194554,1
940,6,0,10,2.11241745,1609,11,0.943194554,1
875,2,0,10,2.016921715,1671,11,0.943194554,1
822,6,0,10,2.084564527,1612,11,0.888450288,1
766,2,0,10,1.837867211,1244,11,0.943194554,1
852,2,0,10,1.985089803,1642,11,0.888450288,1
771,6,0,10,1.965194858,1621,11,0.943194554,1
776,2,0,10,2.020900704,1522,11,0.943194554,1
569,2,0,10,2.020900704,1500,11,0.943194554,1
755,2,0,10,2.084564527,1669,11,0.943194554,1
739,6,0,10,2.020900704,1342,11,0.943194554,1
788,2,0,10,1.925404968,1287,11,0.943194554,1
825,6,0,10,1.8418462,1372,11,0.943194554,1
826,2,0,10,1.778182376,1051,11,0.888450288,1
801,6,0,10,1.885615078,1434,11,0.888450288,1
915,2,0,10,1.921425979,1512,11,0.888450288,1
858,6,0,10,1.95723688,1651,11,0.888450288,1
861,6,0,10,1.750329453,1357,11,0.888450288,1
788,6,0,10,2.108438461,1580,11,0.943194554,1
691,2,0,10,1.8776571,1277,11,0.888450288,1
835,2,0,10,1.925404968,1415,11,0.943194554,1
694,2,0,10,1.634938773,1062,11,0.888450288,1
898,6,0,10,2.040795648,1592,11,0.943194554,1
675,2,0,10,1.909489012,1418,11,0.943194554,1
980,2,0,10,2.052732615,1588,11,0.943194554,1
706,6,0,10,1.8418462,1410,11,0.943194554,1
694,2,0,10,1.817972266,1185,11,0.888450288,1
656,6,0,10,1.889594067,1441,11,0.888450288,1
674,2,0,10,1.750329453,1312,11,0.888450288,1
886,2,0,10,1.845825189,1468,11,0.888450288,1
706,6,0,10,1.821951255,1200,11,0.888450288,1
900,2,0,10,1.933362946,1598,11,0.888450288,1
982,2,0,10,1.806035299,1447,11,0.943194554,1
843,6,0,10,2.032837671,1773,11,0.943194554,1
939,6,0,10,1.937341935,1380,11,0.888450288,1
711,6,0,10,1.718497541,1219,11,0.943194554,1
745,6,0,10,1.861741144,1580,11,0.943194554,1
853,6,0,10,1.849804178,1280,11,0.888450288,1
816,2,0,10,1.99702677,1404,11,0.943194554,1
695,6,0,10,1.750329453,1113,11,0.888450288,1
761,2,0,10,1.825930244,1382,11,0.943194554,1
688,6,0,10,1.885615078,1300,11,0.888450288,1
561,6,0,10,1.72247653,1070,11,0.943194554,1
722,2,0,10,1.901531034,1295,11,0.943194554,1
660,6,0,10,1.937341935,1308,11,0.943194554,1
544,6,0,10,1.718497541,1288,11,0.888450288,1
699,2,0,10,1.774203387,1048,11,0.888450288,1
722,2,0,10,1.782161365,1443,11,0.888450288,1
1010,2,0,10,2.184039252,1749,11,0.943194554,1
800,2,0,10,2.048753626,1313,11,0.888450288,1
743,2,0,10,1.726455519,1492,11,0.943194554,1
682,2,0,10,1.921425979,1549,11,0.943194554,1
1145,6,0,10,2.26759802,1767,11,0.888450288,1
842,2,0,10,1.929383957,1455,11,0.888450288,1
1000,2,0,10,2.120375428,1618,11,0.888450288,1
804,6,0,10,1.730434508,1304,11,0.888450288,1
666,6,0,10,1.642896751,1270,11,0.888450288,1
903,6,0,10,1.985089803,1540,11,0.888450288,1
830,6,0,10,1.865720133,1382,11,0.943194554,1
943,2,0,10,2.024879693,1396,11,0.888450288,1
808,2,0,10,1.973152836,1480,11,0.888450288,1
905,2,0,10,2.048753626,1493,11,0.943194554,1
688,6,0,10,1.786140354,1197,11,0.888450288,1
842,2,0,10,2.068648571,1627,11,0.943194554,1
871,6,0,10,1.8776571,1576,11,0.888450288,1
893,6,0,10,1.857762156,1484,11,0.888450288,1
687,6,0,10,1.774203387,1411,11,0.888450288,1
705,6,0,10,1.76226642,1334,11,0.888450288,1
731,6,0,10,2.100480483,1671,11,0.943194554,1
1035,6,0,10,2.024879693,1481,11,0.943194554,1
796,6,0,10,1.8418462,1391,11,0.888450288,1
870,2,0,10,1.941320924,1551,11,0.943194554,1
798,6,0,10,1.913468001,1544,11,0.888450288,1
678,6,0,10,1.873678111,1419,11,0.888450288,1
914,6,0,10,2.104459472,1729,11,0.888450288,1
1042,6,0,10,2.060690593,1296,11,0.943194554,1
915,6,0,10,2.176081274,1893,11,0.888450288,1
732,6,0,10,1.774203387,1356,11,0.888450288,1
669,6,0,10,1.730434508,1382,11,0.943194554,1
920,6,0,10,2.024879693,1414,11,0.943194554,1
818,6,0,10,2.052732615,1507,11,0.888450288,1
792,2,0,10,2.020900704,1435,11,0.943194554,1
708,6,0,10,1.857762156,1426,11,0.943194554,1
887,2,0,10,1.99702677,1499,11,0.943194554,1
679,2,0,10,2.024879693,1464,11,0.888450288,1
1051,2,0,10,1.91744699,1478,11,0.943194554,1
809,2,0,10,1.810014288,1539,11,0.943194554,1
707,6,0,10,1.686665629,1389,11,0.943194554,1
1018,6,0,10,2.008963737,1401,11,0.943194554,1
835,2,0,10,1.91744699,1150,11,0.943194554,1
826,6,0,10,1.865720133,1444,11,0.943194554,1
753,2,0,10,1.989068792,1362,11,0.888450288,1
824,6,0,10,2.084564527,1765,11,0.888450288,1
941,2,0,10,1.949278902,1495,11,0.943194554,1
1029,2,0,10,2.207913186,1647,11,0.888450288,1
564,6,2,10,0.067217116,1302,11,0.888450288,0
691,6,2,10,0.055280149,1241,12,0.943194554,0
607,6,2,10,0.047322171,1313,11,0.943194554,0
667,6,2,10,0.254229598,1369,11,0.888450288,0
568,6,2,10,0.142817906,1285,11,0.888450288,0
575,6,2,10,0.004404686,1245,11,0.888450288,0
647,6,2,10,0.032257609,1198,12,0.888450288,0
602,6,2,10,0.122922961,1273,12,0.888450288,0
616,6,2,10,0.115816377,1098,11,0.888450288,0
555,6,2,10,0.02827862,1197,11,0.943194554,0
645,6,2,10,0.286061509,1414,12,0.888450288,0
586,6,2,10,0.170670829,1296,11,0.943194554,0
550,6,2,10,0.247123014,1108,11,0.888450288,0
654,6,2,10,0.278954925,917,11,0.888450288,0
618,6,2,10,0.047322171,1280,12,0.888450288,0
689,6,2,10,0.182607796,1259,12,0.943194554,0
555,6,2,10,0.107007005,1373,12,0.943194554,0
523,6,2,10,0.243144025,1155,12,0.943194554,0
699,6,2,10,0.055280149,1206,12,0.888450288,0
532,6,2,10,0.099900421,1179,12,0.943194554,0
639,6,2,10,0.083133072,1288,12,0.943194554,0
530,6,2,10,0.131732333,1145,11,0.888450288,0
488,6,2,10,0.155606267,1137,12,0.943194554,0
632,6,2,10,0.127753344,1228,12,0.943194554,0
668,6,2,10,0.036236598,1249,11,0.888450288,0
493,6,2,10,0.027427226,1171,12,0.943194554,0
726,6,2,10,0.008383675,1194,11,0.943194554,0
554,6,2,10,0.087963454,1197,11,0.888450288,0
608,6,2,10,0.095070038,1215,12,0.943194554,0
640,6,2,10,0.167543234,1106,12,0.888450288,0
658,6,2,10,0.202502741,1248,12,0.943194554,0
709,6,2,10,0.067217116,1332,11,0.888450288,0
667,6,2,10,0.107007005,1177,11,0.943194554,0
576,6,2,10,0.040215587,1117,11,0.888450288,0
612,6,2,10,0.083984465,1163,12,0.943194554,0
669,6,2,10,0.007532281,1195,12,0.888450288,0
595,6,2,10,0.179480201,1090,12,0.888450288,0
620,6,2,10,0.087963454,1236,12,0.888450288,0
612,6,2,10,0.167543234,1137,12,0.943194554,0
641,6,2,10,0.01151127,1237,11,0.943194554,0
603,6,2,10,0.01151127,1178,12,0.943194554,0
617,6,2,10,0.179480201,1154,12,0.888450288,0
595,6,2,10,0.043343182,1237,12,0.943194554,0
632,6,2,10,0.060110532,1170,11,0.943194554,0
702,6,2,10,0.111837388,1156,12,0.943194554,0
575,6,2,10,0.151627278,1090,11,0.943194554,0
761,6,2,10,0.234334653,1319,12,0.888450288,0
656,6,2,10,0.007532281,1262,11,0.888450288,0
666,6,2,10,0.055280149,1236,12,0.888450288,0
490,6,2,10,0.489841341,1024,12,0.888450288,0
544,6,2,10,0.02827862,1260,12,0.888450288,0
520,6,2,10,0.044194576,1166,11,0.943194554,0
608,6,2,10,0.027427226,1215,11,0.943194554,0
445,6,2,10,0.159585256,1202,12,0.943194554,0
625,6,2,10,0.187438179,1181,11,0.888450288,0
746,6,2,10,0.118943972,1269,12,0.888450288,0
579,6,2,10,0.294870881,1094,12,0.943194554,0
531,6,2,10,0.139690311,1121,12,0.888450288,0
578,6,2,10,0.171522223,1096,12,0.888450288,0
562,6,2,10,0.270996947,1152,12,0.943194554,0
748,6,2,10,0.202502741,1347,12,0.888450288,0
558,6,2,10,0.255080992,1034,12,0.943194554,0
621,6,2,10,0.227228069,1153,11,0.888450288,0
556,6,2,10,0.163564245,1073,12,0.888450288,0
568,6,2,10,0.032257609,1237,11,0.943194554,0
513,6,2,10,0.052152554,1199,12,0.943194554,0
755,6,2,10,0.095070038,1252,12,0.888450288,0
595,6,2,10,0.107007005,1330,12,0.943194554,0
571,6,2,10,0.083984465,1223,11,0.888450288,0
479,6,2,10,0.139690311,1201,12,0.888450288,0
493,6,2,10,0.123774355,1120,11,0.943194554,0
677,6,2,10,0.060110532,1178,11,0.888450288,0
491,6,2,10,0.031406215,1221,11,0.888450288,0
801,6,2,10,0.012362664,1366,11,0.943194554,0
521,6,2,10,0.159585256,1118,12,0.888450288,0
493,6,2,10,0.111837388,1104,12,0.943194554,0
574,6,2,10,0.06806851,1146,11,0.888450288,0
659,6,2,10,0.060110532,1135,11,0.888450288,0
654,6,2,10,0.063238127,1260,12,0.888450288,0
426,6,2,10,0.171522223,1097,12,0.943194554,0
523,6,2,10,0.235186047,1094,12,0.943194554,0
555,6,2,10,0.035385204,1300,11,0.943194554,0
520,6,2,10,0.007532281,1221,12,0.888450288,0
766,6,2,10,0.178628807,1323,12,0.888450288,0
650,6,2,10,0.063238127,1266,12,0.888450288,0
775,6,2,10,0.039364193,1299,11,0.888450288,0
498,6,2,10,0.163564245,1211,12,0.943194554,0
558,6,2,10,0.02827862,1177,11,0.943194554,0
708,6,2,10,0.004404686,1300,12,0.943194554,0
590,6,2,10,0.278954925,1254,11,0.943194554,0
569,6,2,10,0.056131543,1206,11,0.888450288,0
682,6,2,10,0.040215587,1223,12,0.888450288,0
570,6,2,10,0.064089521,1188,12,0.888450288,0
629,6,2,10,0.118943972,1319,11,0.888450288,0
766,6,2,10,0.290040498,1327,12,0.943194554,0
584,6,2,10,0.044194576,1284,11,0.888450288,0
608,6,2,10,0.020320642,1207,11,0.943194554,0
608,6,2,10,0.044194576,1264,11,0.888450288,0
598,6,2,10,0.032257609,1162,11,0.943194554,0
631,6,2,10,0.127753344,1189,12,0.888450288,0
507,6,2,10,0.294870881,1045,11,0.888450288,0
665,6,2,10,0.138838917,1280,12,0.943194554,0
503,6,2,10,0.219270091,1174,11,0.888450288,0
693,6,2,10,0.083984465,1129,12,0.943194554,0
776,6,2,10,0.075175094,1163,12,0.943194554,0
552,6,2,10,0.095921432,1223,12,0.943194554,0
514,6,2,10,0.394345606,1138,12,0.888450288,0
669,6,2,10,0.267017958,1145,11,0.888450288,0
651,6,2,10,0.056131543,1194,11,0.943194554,0
669,6,2,10,0.024299631,1239,11,0.888450288,0
575,6,2,10,0.191417168,1221,11,0.943194554,0
577,6,2,10,0.091942443,1247,11,0.888450288,0
533,6,2,10,0.18345919,1104,11,0.943194554,0
479,6,2,10,0.10387941,1146,11,0.888450288,0
584,6,2,10,0.10387941,1154,12,0.943194554,0
617,6,2,10,0.191417168,1173,11,0.943194554,0
675,6,2,10,0.091942443,1292,11,0.888450288,0
600,6,2,10,0.095921432,1205,11,0.888450288,0
537,6,2,10,0.110985994,1245,11,0.888450288,0
473,6,2,10,0.083984465,1144,12,0.943194554,0
497,6,2,10,0.350576727,1101,11,0.943194554,0
625,6,2,10,0.155606267,1158,11,0.888450288,0
524,6,2,10,0.02827862,1217,12,0.943194554,0
673,6,2,10,0.043343182,1152,11,0.943194554,0
542,6,2,10,0.150775884,1290,11,0.943194554,0
560,6,2,10,0.182607796,1241,12,0.943194554,0
691,6,2,10,0.191417168,1126,11,0.943194554,0
499,6,2,10,0.024299631,1252,12,0.943194554,0
594,6,2,10,0.09109105,1276,12,0.943194554,0
563,6,2,10,0.227228069,1084,11,0.943194554,0
615,6,2,10,0.286912903,1186,12,0.888450288,0
552,6,2,10,0.251102003,1097,11,0.888450288,0
566,6,2,10,0.155606267,1052,11,0.888450288,0
556,6,2,10,0.032257609,1200,12,0.943194554,0
543,6,2,10,0.080005477,1319,12,0.943194554,0
335,6,2,10,0.422198529,946,12,0.888450288,0
624,6,2,10,0.083133072,1261,11,0.888450288,0
577,6,2,10,0.10387941,1124,11,0.888450288,0
663,6,2,10,0.150775884,1225,12,0.888450288,0
458,6,2,10,0.215291102,1171,12,0.943194554,0
545,6,2,10,0.239165036,1122,11,0.943194554,0
700,6,2,10,0.007532281,1242,11,0.943194554,0
514,6,2,10,0.039364193,1269,12,0.943194554,0
602,6,2,10,0.036236598,1216,12,0.943194554,0
615,6,2,10,0.191417168,1177,12,0.943194554,0
738,6,2,10,0.135711322,1272,12,0.888450288,0
574,6,2,10,0.139690311,1189,12,0.943194554,0
611,6,2,10,0.123774355,1186,12,0.888450288,0
385,6,2,10,0.207333124,1099,11,0.943194554,0
628,6,2,10,0.067217116,1261,11,0.888450288,0
611,6,2,10,0.22324908,1073,12,0.888450288,0
528,6,2,10,0.103028016,1298,11,0.888450288,0
519,6,2,10,0.255080992,1066,11,0.943194554,0
686,6,2,10,0.139690311,1119,11,0.943194554,0
582,6,2,10,0.035385204,1289,11,0.943194554,0
438,6,2,10,0.219270091,1174,12,0.888450288,0
593,6,2,10,0.119795366,1097,12,0.888450288,0
499,6,2,10,0.099900421,1169,12,0.888450288,0
619,6,2,10,0.111837388,1142,12,0.943194554,0
525,6,2,10,0.199375146,1070,12,0.943194554,0
798,6,2,10,0.087112061,1293,12,0.943194554,0
610,6,2,10,0.139690311,1094,11,0.888450288,0
659,6,2,10,0.003553292,1331,11,0.888450288,0
640,6,2,10,0.039364193,1151,11,0.943194554,0
575,6,2,10,0.091942443,1170,12,0.888450288,0
619,6,2,10,0.131732333,1242,11,0.888450288,0
747,6,2,10,0.12690195,1214,12,0.943194554,0
775,6,2,10,0.103028016,1312,12,0.888450288,0
635,6,2,10,0.147648289,1163,12,0.943194554,0
586,6,2,10,0.075175094,1277,11,0.888450288,0
631,6,2,10,0.080005477,1125,11,0.888450288,0
541,6,2,10,0.02827862,1264,11,0.888450288,0
559,6,2,10,0.032257609,1125,11,0.888450288,0
658,6,2,10,0.155606267,1114,11,0.943194554,0
559,6,2,10,0.159585256,1274,11,0.943194554,0
631,6,2,10,0.107858399,1206,12,0.943194554,0
643,6,2,10,0.199375146,1195,12,0.888450288,0
461,6,2,10,0.231207058,1136,12,0.888450288,0
756,6,2,10,0.170670829,1327,12,0.888450288,0
607,6,2,10,0.080005477,1187,11,0.888450288,0
714,6,2,10,0.087963454,1212,12,0.943194554,0
570,6,2,10,0.016341653,1237,12,0.888450288,0
595,6,2,10,0.195396157,1140,12,0.888450288,0
596,6,2,10,0.159585256,1261,12,0.943194554,0
790,6,2,10,0.190565774,1312,11,0.888450288,0
596,6,2,10,0.235186047,1116,12,0.888450288,0
813,6,2,10,0.087112061,1383,11,0.888450288,0
545,6,2,10,0.052152554,1229,11,0.943194554,0
605,6,2,10,0.147648289,1274,12,0.888450288,0
550,6,2,10,0.02827862,1228,11,0.888450288,0
501,6,2,10,0.1436693,1101,12,0.943194554,0
493,6,2,10,0.052152554,1161,11,0.888450288,0
661,6,2,10,0.067217116,1223,12,0.943194554,0
677,6,2,10,0.083984465,1200,12,0.943194554,0
626,6,2,10,0.20648173,1338,12,0.943194554,0
708,6,2,10,0.016341653,1208,11,0.943194554,0
572,6,2,10,0.342618749,1021,12,0.943194554,0
424,6,2,10,0.115816377,1093,12,0.888450288,0
621,6,2,10,0.004404686,1238,12,0.943194554,0
638,6,2,10,0.027427226,1224,12,0.943194554,0
462,6,2,10,0.191417168,953,12,0.943194554,0
538,6,2,10,0.012362664,1265,11,0.943194554,0
714,6,2,10,0.138838917,1338,11,0.943194554,0
462,6,2,10,0.171522223,1169,11,0.888450288,0
461,6,2,10,0.135711322,1102,12,0.943194554,0
529,6,2,10,0.147648289,1212,11,0.888450288,0
794,6,2,10,0.000425697,1333,11,0.943194554,0
481,6,2,10,0.091942443,1111,11,0.888450288,0
467,6,2,10,0.151627278,1088,12,0.888450288,0
543,6,2,10,0.151627278,1062,11,0.943194554,0
661,6,2,10,0.043343182,1289,12,0.943194554,0
497,6,2,10,0.076026488,1251,12,0.943194554,0
572,6,2,10,0.019469248,1219,11,0.888450288,0
739,6,2,10,0.118943972,1311,12,0.888450288,0
647,6,2,10,0.12690195,1235,11,0.888450288,0
557,6,2,10,0.091942443,1190,12,0.943194554,0
713,6,2,10,0.01151127,1244,11,0.888450288,0
427,6,2,10,0.251102003,1096,12,0.888450288,0
595,6,2,10,0.003553292,1212,11,0.888450288,0
644,6,2,10,0.059259138,1295,12,0.888450288,0
444,6,2,10,0.199375146,1108,12,0.943194554,0
564,6,2,10,0.044194576,1242,12,0.943194554,0
703,6,2,10,0.083133072,1267,11,0.888450288,0
640,6,2,10,0.16669184,1334,12,0.888450288,0
512,6,2,10,0.036236598,1211,12,0.888450288,0
565,6,2,10,0.01151127,1393,12,0.943194554,0
476,6,2,10,0.270996947,1220,12,0.888450288,0
376,6,2,10,0.394345606,1019,12,0.943194554,0
633,6,2,10,0.047322171,1284,12,0.888450288,0
556,6,2,10,0.123774355,1162,11,0.888450288,0
553,6,2,10,0.370471672,1113,12,0.943194554,0
665,6,2,10,0.195396157,1211,12,0.888450288,0
534,6,2,10,0.107007005,1184,11,0.943194554,0
725,6,2,10,0.055280149,1291,12,0.943194554,0
650,6,2,10,0.035385204,1300,12,0.888450288,0
554,6,2,10,0.191417168,1048,12,0.888450288,0
650,6,2,10,0.135711322,1258,11,0.943194554,0
607,6,2,10,0.012362664,1224,12,0.943194554,0
597,6,2,10,0.198523752,1230,12,0.943194554,0
561,6,2,10,0.207333124,1049,12,0.888450288,0
462,6,2,10,0.163564245,1219,12,0.943194554,0
718,6,2,10,0.107858399,1164,12,0.888450288,0
726,6,2,10,0.154754873,1406,12,0.888450288,0
598,6,2,10,0.004404686,1287,12,0.888450288,0
550,6,2,10,0.060110532,1219,12,0.888450288,0
662,6,2,10,0.027427226,1241,11,0.888450288,0
539,6,2,10,0.095921432,1267,11,0.888450288,0
456,6,2,10,0.203354135,1119,12,0.943194554,0
542,6,2,10,0.191417168,1230,12,0.943194554,0
529,6,2,10,0.135711322,1167,11,0.943194554,0
579,6,2,10,0.02827862,1191,11,0.888450288,0
460,6,2,10,0.139690311,1063,12,0.943194554,0
496,6,2,10,0.047322171,1159,11,0.943194554,0
570,6,2,10,0.087963454,1180,12,0.943194554,0
730,6,2,10,0.039364193,1361,12,0.888450288,0
724,6,2,10,0.063238127,1235,11,0.943194554,0
615,6,2,10,0.099049027,1261,11,0.888450288,0
559,6,2,10,0.139690311,1176,12,0.888450288,0
732,6,2,10,0.072047499,1228,11,0.888450288,0
746,6,2,10,0.031406215,1274,11,0.888450288,0
614,6,2,10,0.203354135,1193,12,0.943194554,0
531,6,2,10,0.052152554,1264,12,0.888450288,0
654,6,2,10,0.134859928,1286,12,0.943194554,0
562,6,2,10,0.179480201,1028,11,0.943194554,0
489,6,2,10,0.032257609,1136,11,0.943194554,0
590,6,2,10,0.175501212,1175,11,0.888450288,0
679,6,2,10,0.18345919,1166,12,0.888450288,0
717,6,2,10,0.147648289,1089,11,0.943194554,0
708,6,2,10,0.020320642,1224,12,0.943194554,0
543,6,2,10,0.099049027,1184,12,0.943194554,0
640,6,2,10,0.004404686,1226,11,0.888450288,0
522,6,2,10,0.195396157,1027,11,0.888450288,0
536,6,2,10,0.119795366,1095,11,0.943194554,0
601,6,2,10,0.040215587,1248,12,0.888450288,0
612,6,2,10,0.091942443,1279,11,0.888450288,0
552,6,2,10,0.115816377,1135,11,0.888450288,0
615,6,2,10,0.087112061,1343,11,0.888450288,0
554,6,2,10,0.02827862,1198,12,0.888450288,0
672,6,2,10,0.127753344,1194,12,0.888450288,0
741,6,2,10,0.06806851,1136,12,0.943194554,0
532,6,2,10,0.043343182,1221,12,0.888450288,0
392,6,2,10,0.072047499,1143,11,0.888450288,0
644,6,2,10,0.020320642,1242,12,0.888450288,0
479,6,2,10,0.366492683,1017,11,0.888450288,0
730,6,2,10,0.12690195,1341,12,0.888450288,0
562,6,2,10,0.031406215,1176,11,0.888450288,0
558,6,2,10,0.087963454,1207,12,0.888450288,0
664,6,2,10,0.064089521,1247,12,0.943194554,0
769,6,2,10,0.023448237,1196,12,0.943194554,0
536,6,2,10,0.043343182,1185,12,0.888450288,0
604,6,2,10,0.012362664,1273,12,0.888450288,0
523,6,2,10,0.163564245,1134,11,0.888450288,0
635,6,2,10,0.01151127,1237,12,0.888450288,0
564,6,2,10,0.135711322,1229,12,0.943194554,0
697,6,2,10,0.019469248,1233,11,0.943194554,0
577,6,2,10,0.127753344,1078,12,0.888450288,0
642,6,2,10,0.147648289,1272,12,0.943194554,0
597,6,2,10,0.243144025,1175,12,0.943194554,0
633,6,2,10,0.036236598,1216,11,0.888450288,0
752,6,2,10,0.214439708,1320,12,0.888450288,0
719,6,2,10,0.023448237,1302,12,0.888450288,0
564,6,2,10,0.039364193,1245,11,0.888450288,0
588,6,2,10,0.20648173,1352,12,0.888450288,0
729,6,2,10,0.020320642,1223,11,0.888450288,0
621,6,2,10,0.115816377,1080,11,0.943194554,0
647,6,2,10,0.016341653,1208,12,0.943194554,0
590,6,2,10,0.01151127,1227,12,0.888450288,0
656,6,2,10,0.020320642,1193,12,0.943194554,0
621,6,2,10,0.211312113,1129,11,0.888450288,0
696,6,2,10,0.130880939,1250,11,0.888450288,0
600,6,2,10,0.18345919,1120,11,0.943194554,0
653,6,2,10,0.02827862,1184,11,0.888450288,0
648,6,2,10,0.191417168,1167,12,0.888450288,0
631,6,2,10,0.18345919,1137,11,0.888450288,0
595,6,2,10,0.040215587,1128,11,0.888450288,0
523,6,2,10,0.008383675,1217,11,0.943194554,0
346,6,2,10,0.330681782,973,11,0.888450288,0
760,6,2,10,0.16669184,1388,11,0.943194554,0
554,6,2,10,0.195396157,1153,12,0.943194554,0
627,6,2,10,0.072047499,1212,11,0.943194554,0
565,6,2,10,0.159585256,1152,12,0.888450288,0
608,6,2,10,0.199375146,1151,12,0.943194554,0
651,6,2,10,0.044194576,1153,12,0.943194554,0
633,6,2,10,0.048173565,1189,12,0.943194554,0
566,6,2,10,0.123774355,1136,11,0.888450288,0
592,6,2,10,0.087963454,1217,11,0.943194554,0
604,6,2,10,0.044194576,1026,12,0.888450288,0
695,6,2,10,0.055280149,1295,11,0.888450288,0
683,6,2,10,0.023448237,1190,11,0.943194554,0
573,6,2,10,0.243144025,1071,11,0.943194554,0
796,6,2,10,0.091942443,1162,11,0.943194554,0
554,6,2,10,0.064089521,1237,12,0.943194554,0
610,6,2,10,0.080005477,1073,12,0.943194554,0
620,6,2,10,0.040215587,1260,12,0.888450288,0
457,6,2,10,0.302828859,1114,12,0.888450288,0
618,6,2,10,0.063238127,1309,12,0.943194554,0
496,6,2,10,0.015490259,1162,12,0.943194554,0
779,6,2,10,0.24627162,1320,11,0.888450288,0
655,6,2,10,0.080005477,1065,12,0.943194554,0
525,6,2,10,0.052152554,1234,11,0.943194554,0
743,6,2,10,0.194544763,1354,12,0.888450288,0
585,6,2,10,0.008383675,1270,11,0.888450288,0
484,6,2,10,0.087963454,1184,11,0.943194554,0
469,6,2,10,0.099900421,1218,11,0.943194554,0
594,6,2,10,0.016341653,1289,11,0.888450288,0
647,6,2,10,0.179480201,1181,12,0.943194554,0
496,6,2,10,0.282933914,1152,11,0.943194554,0
550,6,2,10,0.016341653,1150,11,0.888450288,0
773,6,2,10,0.023448237,1282,11,0.943194554,0
528,6,2,10,0.147648289,1120,12,0.943194554,0
602,6,2,10,0.151627278,1028,12,0.943194554,0
665,6,2,10,0.055280149,1262,11,0.888450288,0
626,6,2,10,0.151627278,1157,11,0.888450288,0
631,0,2,10,2.558064216,1184,11,0.888450288,1
638,0,2,10,3.051458849,1301,11,0.888450288,1
865,0,2,10,3.031563904,1315,11,0.943194554,1
782,0,2,10,2.573980171,1193,11,0.943194554,1
750,0,2,10,2.760992653,1325,11,0.943194554,1
479,0,2,10,2.247703075,1199,11,0.888450288,1
677,0,2,10,2.454610502,1182,11,0.943194554,1
730,0,2,10,2.243724086,1152,11,0.888450288,1
705,0,2,10,3.027584915,1264,11,0.943194554,1
667,0,2,10,2.530211293,1088,11,0.943194554,1
665,0,2,10,2.42277859,1233,11,0.943194554,1
609,0,2,10,2.3471778,1205,11,0.888450288,1
609,0,2,10,2.239745097,1100,11,0.888450288,1
792,0,2,10,2.760992653,1305,11,0.888450288,1
744,0,2,10,2.741097709,1180,11,0.943194554,1
736,0,2,10,2.96790008,1309,11,0.888450288,1
724,0,2,10,2.518274326,1128,11,0.943194554,1
632,0,2,10,2.705286808,1238,11,0.943194554,1
732,0,2,10,2.753034675,1142,11,0.943194554,1
881,0,2,10,2.430736568,1219,11,0.888450288,1
815,0,2,10,3.027584915,1262,11,0.888450288,1
786,0,2,10,1.837867211,1081,11,0.943194554,1
818,0,2,10,2.621728039,1242,11,0.888450288,1
724,0,2,10,2.494400392,1243,11,0.888450288,1
728,0,2,10,2.402883645,1224,11,0.943194554,1
658,0,2,10,2.701307819,1266,11,0.888450288,1
654,0,2,10,2.46256848,1215,11,0.943194554,1
712,0,2,10,2.219850152,1123,11,0.888450288,1
660,0,2,10,2.530211293,1155,11,0.943194554,1
688,0,2,10,2.92811019,1280,11,0.943194554,1
773,0,2,10,2.669475907,1185,11,0.943194554,1
690,0,2,10,2.637643995,1022,11,0.943194554,1
771,0,2,10,2.725181753,1232,11,0.943194554,1
648,0,2,10,2.824656477,1110,11,0.888450288,1
701,0,2,10,2.983816036,1345,11,0.888450288,1
639,0,2,10,1.933362946,1063,11,0.888450288,1
734,0,2,10,2.558064216,1133,11,0.888450288,1
783,0,2,10,2.406862634,1268,11,0.943194554,1
690,0,2,10,2.164144307,1121,11,0.943194554,1
545,0,2,10,2.255661053,1254,11,0.888450288,1
794,0,2,10,2.705286808,1260,11,0.888450288,1
836,0,2,10,2.951984124,1311,11,0.888450288,1
606,0,2,10,2.359114767,1115,11,0.943194554,1
673,0,2,10,2.136291384,1089,11,0.943194554,1
674,0,2,10,2.363093756,1197,11,0.888450288,1
662,0,2,10,2.458589491,1090,11,0.888450288,1
772,0,2,10,2.144249362,1154,11,0.888450288,1
617,0,2,10,2.486442414,1276,11,0.888450288,1
696,0,2,10,2.335240833,1071,11,0.943194554,1
615,0,2,10,2.295450943,1188,11,0.943194554,1
759,0,2,10,2.912194235,1173,11,0.943194554,1
665,0,2,10,2.530211293,1146,11,0.888450288,1
718,0,2,10,2.446652524,1171,11,0.943194554,1
827,0,2,10,2.991774014,1243,11,0.888450288,1
787,0,2,10,2.975858058,1290,11,0.888450288,1
858,0,2,10,2.589896127,1248,11,0.943194554,1
785,0,2,10,2.884341312,1279,11,0.888450288,1
650,0,2,10,2.188018241,1092,11,0.943194554,1
809,0,2,10,2.757013664,1296,11,0.943194554,1
763,0,2,10,3.262345265,1461,11,0.943194554,1
814,0,2,10,2.566022194,1243,11,0.888450288,1
631,0,2,10,2.255661053,926,11,0.943194554,1
783,0,2,10,2.589896127,1268,11,0.943194554,1
567,0,2,10,2.144249362,1148,11,0.888450288,1
636,0,2,10,2.478484436,1155,11,0.943194554,1
747,0,2,10,2.30738791,1260,11,0.888450288,1
855,0,2,10,2.876383334,1386,11,0.888450288,1
813,0,2,10,2.379009712,1287,11,0.943194554,1
713,0,2,10,2.641622984,1181,11,0.943194554,1
559,0,2,10,2.54214826,1227,11,0.888450288,1
607,0,2,10,2.474505447,1237,11,0.943194554,1
650,0,2,10,1.969173847,1038,11,0.888450288,1
661,0,2,10,2.733139731,1176,11,0.943194554,1
791,0,2,10,2.991774014,1281,11,0.888450288,1
712,0,2,10,2.864446367,1328,11,0.943194554,1
776,0,2,10,2.11241745,1203,11,0.888450288,1
627,0,2,10,2.287492965,1178,11,0.943194554,1
727,0,2,10,2.454610502,1079,11,0.888450288,1
715,0,2,10,2.729160742,1257,11,0.888450288,1
587,0,2,10,2.414820612,1248,11,0.888450288,1
865,0,2,10,2.689370852,1319,11,0.888450288,1
607,0,2,10,2.816698499,1201,11,0.888450288,1
774,0,2,10,2.860467378,1166,11,0.943194554,1
722,0,2,10,2.808740521,1292,11,0.943194554,1
567,0,2,10,1.893573056,962,11,0.943194554,1
698,0,2,10,2.259640042,1116,11,0.943194554,1
710,0,2,10,2.199955208,1271,11,0.943194554,1
613,0,2,10,1.861741144,1073,11,0.943194554,1
752,0,2,10,2.494400392,1190,11,0.888450288,1
698,0,2,10,3.381714934,1311,11,0.888450288,1
722,0,2,10,2.494400392,1233,11,0.888450288,1
693,0,2,10,2.661517929,1293,11,0.943194554,1
656,0,2,10,2.160165318,1164,11,0.888450288,1
616,0,2,10,2.235766108,1033,11,0.943194554,1
738,0,2,10,2.800782543,1273,11,0.888450288,1
762,0,2,10,2.199955208,1106,11,0.943194554,1
545,0,2,10,2.506337359,1202,11,0.943194554,1
833,0,2,10,2.323303866,1256,11,0.888450288,1
685,0,2,10,2.836593444,1202,11,0.888450288,1
767,0,2,10,3.190723463,1261,11,0.888450288,1
537,0,2,10,2.331261844,1154,11,0.943194554,1
740,0,2,10,2.713244786,1226,11,0.943194554,1
679,0,2,10,2.534190282,1218,11,0.943194554,1
656,0,2,10,2.920152213,1368,11,0.943194554,1
669,0,2,10,2.414820612,1137,11,0.888450288,1
696,0,2,10,2.136291384,1135,11,0.888450288,1
874,0,2,10,3.015647948,1319,11,0.943194554,1
703,0,2,10,2.562043205,1238,11,0.943194554,1
588,0,2,10,2.478484436,1101,11,0.943194554,1
744,0,2,10,2.61774905,1269,11,0.888450288,1
664,0,2,10,2.295450943,1086,11,0.943194554,1
733,0,2,10,2.060690593,1121,11,0.888450288,1
773,0,2,10,2.888320301,1357,11,0.888450288,1
721,0,2,10,2.430736568,1143,11,0.943194554,1
665,0,2,10,1.953257891,1106,11,0.943194554,1
841,0,2,10,2.482463425,1230,11,0.943194554,1
489,0,2,10,1.837867211,1059,11,0.888450288,1
545,0,2,10,2.410841623,1189,11,0.943194554,1
745,0,2,10,2.701307819,1267,11,0.888450288,1
625,0,2,10,2.534190282,1149,11,0.888450288,1
597,0,2,10,2.052732615,1136,11,0.888450288,1
783,0,2,10,2.788845576,1265,11,0.888450288,1
750,0,2,10,2.987795025,1276,11,0.943194554,1
617,0,2,10,1.806035299,1047,11,0.943194554,1
626,0,2,10,2.920152213,1133,11,0.888450288,1
798,0,2,10,2.42277859,1202,11,0.888450288,1
705,0,2,10,2.323303866,1297,11,0.888450288,1
803,0,2,10,3.003710981,1407,11,0.888450288,1
680,0,2,10,2.11241745,1157,11,0.943194554,1
729,0,2,10,3.039521882,1221,11,0.888450288,1
638,0,2,10,2.442673535,1170,11,0.943194554,1
700,0,2,10,2.164144307,1073,11,0.888450288,1
677,0,2,10,2.327282855,1055,11,0.888450288,1
616,0,2,10,2.295450943,1171,11,0.888450288,1
733,0,2,10,2.506337359,1310,11,0.888450288,1
603,0,2,10,2.454610502,1206,11,0.888450288,1
673,0,2,10,2.562043205,1170,11,0.888450288,1
787,0,2,10,2.323303866,1147,11,0.888450288,1
735,0,2,10,2.402883645,1120,11,0.943194554,1
661,0,2,10,2.725181753,1294,11,0.888450288,1
631,0,2,10,2.466547469,1137,11,0.943194554,1
685,0,2,10,3.023605926,1263,11,0.943194554,1
799,0,2,10,2.971879069,1248,11,0.888450288,1
849,0,2,10,2.848530411,1284,11,0.888450288,1
571,0,2,10,1.869699122,1143,11,0.888450288,1
781,0,2,10,2.585917138,1253,11,0.888450288,1
815,0,2,10,2.96790008,1370,11,0.888450288,1
721,0,2,10,2.999731992,1341,11,0.943194554,1
855,0,2,10,3.071353794,1315,11,0.888450288,1
856,0,2,10,2.932089179,1185,11,0.943194554,1
754,0,2,10,2.470526458,1099,11,0.888450288,1
737,0,2,10,2.868425356,1356,11,0.943194554,1
562,0,2,10,2.164144307,1175,11,0.888450288,1
492,0,2,10,2.068648571,1150,11,0.943194554,1
680,0,2,10,2.621728039,1309,11,0.888450288,1
807,0,2,10,2.944026146,1326,11,0.943194554,1
690,0,2,10,2.951984124,1360,11,0.888450288,1
683,0,2,10,2.713244786,1231,11,0.888450288,1
626,0,2,10,2.144249362,1162,11,0.888450288,1
588,0,2,10,2.621728039,1171,11,0.888450288,1
655,0,2,10,2.3471778,1182,11,0.888450288,1
581,0,2,10,2.19199723,1077,11,0.943194554,1
740,0,2,10,2.486442414,1263,11,0.943194554,1
641,0,2,10,2.904236257,1305,11,0.888450288,1
705,0,2,10,2.884341312,1319,11,0.888450288,1
865,0,2,10,2.745076697,1210,11,0.943194554,1
766,0,2,10,2.741097709,1269,11,0.943194554,1
792,0,2,10,2.729160742,1203,11,0.888450288,1
617,0,2,10,2.195976219,1225,11,0.943194554,1
637,0,2,10,2.279534987,1238,11,0.943194554,1
727,0,2,10,2.705286808,1214,11,0.888450288,1
757,0,2,10,2.546127249,1208,11,0.888450288,1
710,0,2,10,2.65753894,1262,11,0.943194554,1
728,0,2,10,2.733139731,1150,11,0.943194554,1
637,0,2,10,2.30738791,1192,11,0.943194554,1
770,0,2,10,2.645601973,1163,11,0.888450288,1
599,0,2,10,2.414820612,1149,11,0.888450288,1
703,0,2,10,2.868425356,1201,11,0.888450288,1
594,0,2,10,2.486442414,1140,11,0.943194554,1
757,0,2,10,2.689370852,1284,11,0.943194554,1
600,0,2,10,2.22780813,1156,11,0.888450288,1
714,0,2,10,2.259640042,1170,11,0.888450288,1
610,0,2,10,2.279534987,1099,11,0.888450288,1
769,0,2,10,2.924131201,1243,11,0.943194554,1
676,0,2,10,2.319324877,1152,11,0.888450288,1
702,0,2,10,2.764971642,1229,11,0.943194554,1
639,0,2,10,2.410841623,1154,11,0.943194554,1
731,0,2,10,2.255661053,1148,11,0.888450288,1
735,0,2,10,2.848530411,1266,11,0.888450288,1
639,0,2,10,2.375030723,1194,11,0.888450288,1
832,0,2,10,2.454610502,1138,11,0.888450288,1
753,0,2,10,2.076606549,1075,11,0.888450288,1
741,0,2,10,2.69732883,1317,11,0.888450288,1
746,0,2,10,2.685391863,1247,11,0.943194554,1
714,0,2,10,2.176081274,1192,11,0.888450288,1
696,0,2,10,2.335240833,1343,11,0.943194554,1
755,0,2,10,2.585917138,1159,11,0.888450288,1
849,0,2,10,2.689370852,1177,11,0.943194554,1
463,0,2,10,1.933362946,1118,11,0.888450288,1
614,0,2,10,2.390946678,1138,11,0.943194554,1
823,0,2,10,2.375030723,1176,11,0.888450288,1
686,0,2,10,2.685391863,1102,11,0.943194554,1
658,0,2,10,2.414820612,1198,11,0.888450288,1
761,0,2,10,2.689370852,1194,11,0.888450288,1
665,0,2,10,2.784866587,1257,11,0.943194554,1
660,0,2,10,1.734413497,1075,11,0.943194554,1
612,0,2,10,2.351156789,1159,11,0.888450288,1
698,0,2,10,2.184039252,1166,11,0.943194554,1
919,0,2,10,2.979837047,1281,11,0.888450288,1
789,0,2,10,1.973152836,1050,11,0.888450288,1
672,0,2,10,2.450631513,1201,11,0.888450288,1
720,0,2,10,3.142975595,1328,11,0.943194554,1
644,0,2,10,2.959942102,1191,11,0.943194554,1
882,0,2,10,2.709265797,1308,11,0.943194554,1
724,0,2,10,2.044774637,1176,11,0.888450288,1
853,0,2,10,3.274282231,1276,11,0.943194554,1
810,0,2,10,2.971879069,1311,11,0.943194554,1
897,0,2,10,2.784866587,1314,11,0.888450288,1
802,0,2,10,2.77292962,1256,11,0.943194554,1
699,0,2,10,3.560769438,1310,11,0.943194554,1
734,0,2,10,2.176081274,1083,11,0.943194554,1
789,0,2,10,2.470526458,1153,11,0.888450288,1
806,0,2,10,2.470526458,1242,11,0.943194554,1
700,0,2,10,2.351156789,1121,11,0.888450288,1
549,0,2,10,2.223829141,980,11,0.943194554,1
796,0,2,10,2.951984124,1433,11,0.888450288,1
693,0,2,10,3.003710981,1356,11,0.943194554,1
697,0,2,10,2.948005135,1250,11,0.943194554,1
